<?xml version='1.0' encoding='UTF-8'?>
<?xml-stylesheet  href="job.xsl" type="text/xsl"?><jobState>
  <program>
    <head>
      <name>MTiAutoDock</name>
      <version>1.0</version>
      <doc>
        <title>MTiAutoDock</title>
        <description>
          <text lang="en">
          Pipeline using AutoDock.
        </text>
        </description>
        <comment>
          <text lang="en">
          MTiAutoDock is a service intended for the docking a small compounds using AutoDock.
        </text>
          <text lang="en">
            2015/03/26 : AutoDock updated to version 4.2.6
        </text>
        </comment>
        <authors>
        Labbé CM, Rey J, Lagorce D, Vavrusa M, Becot J, Sperandio O, Villoutreix BO, Tufféry P, Miteva MA.
      </authors>
        <reference>
        MTiOpenScreen: a web server for structure-based virtual screening. Nucleic Acids Res. 2015 Jul 1;43(W1):W448-54. doi: 10.1093/nar/gkv306. Epub 2015 Apr 8.
      </reference>
        <doclink>http://bioserv.rpbs.univ-paris-diderot.fr/services/MTiOpenScreen</doclink>
      </doc>
      <progressReport>.progress.txt</progressReport>
      <category>Drugs</category>
      <interface type="form" generated="true">
        <fieldset xmlns="http://www.w3.org/1999/xhtml" class="minimizable" data-paragraphname="Special">
          <legend>Demonstration Mode</legend>
          <div>
            <label class="parameter &#10;&#9;&#9;&#9;&#9;mandatory&#10;&#9;&#9;&#9;&#9;" title="This parameter is mandatory" data-issimple="true" data-ismultiple="false" data-default-value="1" data-datatype="Boolean" data-datatype-superclass="" data-biotype="" data-card="" data-formats="" data-parametername="demo">Test the service (the 1T4E PDB entry will be used with 10 different ligands)<select name="demo">
                <option value="1" selected="selected">Yes</option>
                <option value="0">No</option>
              </select>
            </label>
          </div>
        </fieldset>
        <fieldset xmlns="http://www.w3.org/1999/xhtml" class="minimizable" data-paragraphname="input_data">
          <legend>Input Data</legend>
          <div>
            <label class="parameter " title="" data-issimple="true" data-ismultiple="false" data-default-value="mol2" data-datatype="Choice" data-datatype-superclass="" data-biotype="" data-card="" data-formats="" data-parametername="ligand_format">Ligands format<select name="ligand_format">
                <option value="mol2" selected="selected">mol2</option>
                <option value="sdf">sdf</option>
              </select>
            </label>
            <fieldset class="parameter " title="" data-issimple="true" data-ismultiple="false" data-default-value="" data-datatype="_3DStructure" data-datatype-superclass="AbstractText" data-biotype="Drug " data-card="" data-formats="mol2 sdf " data-parametername="ligand_file">
              <legend>Ligand(s) structure(s)<a href="#idm139847993618160::comment" class="blindLink commentToggle" onclick="if (typeof portal=='undefined'){var target=document.getElementById(this.getAttribute('href').substr(1)); target.style.display=(target.style.display=='none') ? '':'none';}" title="click to expand/collapse contextual help">?</a>
              </legend>
              <div id="idm139847993618160::comment" class="commentText" style="display:none" mode="ajaxTarget">
                <div>
              Input a file in mol2 or sdf format. Up to 10 compounds are accepted.
            </div>
              </div>
              <textarea name="ligand_file" cols="60" rows="7"> </textarea>
            </fieldset>
            <label class="parameter " title="" data-issimple="true" data-ismultiple="false" data-default-value="pdb" data-datatype="Choice" data-datatype-superclass="" data-biotype="" data-card="" data-formats="" data-parametername="receptor_format">Receptor format<select name="receptor_format">
                <option value="pdb" selected="selected">pdb</option>
                <option value="mol2">mol2</option>
              </select>
            </label>
            <fieldset class="parameter " title="" data-issimple="true" data-ismultiple="false" data-default-value="" data-datatype="_3DStructure" data-datatype-superclass="AbstractText" data-biotype="Protein " data-card="" data-formats="pdb mol2 " data-parametername="receptor_file">
              <legend>Receptor structure<a href="#idm139847993744960::comment" class="blindLink commentToggle" onclick="if (typeof portal=='undefined'){var target=document.getElementById(this.getAttribute('href').substr(1)); target.style.display=(target.style.display=='none') ? '':'none';}" title="click to expand/collapse contextual help">?</a>
              </legend>
              <div id="idm139847993744960::comment" class="commentText" style="display:none" mode="ajaxTarget">
                <div>
              Input a file in mol2 or pdb format.
            </div>
              </div>
              <textarea name="receptor_file" cols="60" rows="7"> </textarea>
            </fieldset>
          </div>
        </fieldset>
        <fieldset xmlns="http://www.w3.org/1999/xhtml" class="minimizable" data-paragraphname="grid_calculation">
          <legend>Grid calculation</legend>
          <div>
            <label class="parameter " title="" data-issimple="false" data-ismultiple="false" data-default-value="auto" data-datatype="Choice" data-datatype-superclass="" data-biotype="" data-card="" data-formats="" data-parametername="grid_calculation_mode">Mode<select name="grid_calculation_mode">
                <option value="auto" selected="selected">Automatic (blind docking)</option>
                <option value="residues">List of residues</option>
                <option value="custom">Custom parameters</option>
              </select>
            </label>
          </div>
        </fieldset>
        <fieldset xmlns="http://www.w3.org/1999/xhtml" class="minimizable" data-paragraphname="residues">
          <legend>Calculate grid from a list of residues (list of residues mode)</legend>
          <div>
            <label class="parameter " title="" data-issimple="false" data-ismultiple="false" data-default-value="" data-datatype="String" data-datatype-superclass="" data-biotype="" data-card="" data-formats="" data-parametername="residues_list">List of residues<a href="#idm139847993528064::comment" class="blindLink commentToggle" onclick="if (typeof portal=='undefined'){var target=document.getElementById(this.getAttribute('href').substr(1)); target.style.display=(target.style.display=='none') ? '':'none';}" title="click to expand/collapse contextual help">?</a>
              <input name="residues_list" type="text" value=""/>
              <div id="idm139847993528064::comment" class="commentText" style="display:none" mode="ajaxTarget">
                <div>
              The comma-separated list of residues must be of the following form and not contain white-space or special characters: CHAIN ID, RESIDUE 3-LETTERS CODE, RESIDUE #. Example: _A_THR_1__,_A_THR_2__,_A_ILE_7__.
            </div>
              </div>
            </label>
          </div>
        </fieldset>
        <fieldset xmlns="http://www.w3.org/1999/xhtml" class="minimizable" data-paragraphname="grid">
          <legend>Calculate grid from coordinates (custom mode)</legend>
          <div>
            <fieldset class="minimizable" data-paragraphname="gridcenter">
              <legend>Grid center coordinates</legend>
              <div>
                <table>
                  <tr>
                    <td>
                      <label class="parameter " title="" data-issimple="false" data-ismultiple="false" data-default-value="" data-datatype="Float" data-datatype-superclass="" data-biotype="" data-card="" data-formats="" data-parametername="gridcenter_x">X<input name="gridcenter_x" type="text" value=""/>
                      </label>
                    </td>
                    <td>
                      <label class="parameter " title="" data-issimple="false" data-ismultiple="false" data-default-value="" data-datatype="Float" data-datatype-superclass="" data-biotype="" data-card="" data-formats="" data-parametername="gridcenter_y">Y<input name="gridcenter_y" type="text" value=""/>
                      </label>
                    </td>
                    <td>
                      <label class="parameter " title="" data-issimple="false" data-ismultiple="false" data-default-value="" data-datatype="Float" data-datatype-superclass="" data-biotype="" data-card="" data-formats="" data-parametername="gridcenter_z">Z<input name="gridcenter_z" type="text" value=""/>
                      </label>
                    </td>
                  </tr>
                </table>
              </div>
            </fieldset>
            <fieldset class="minimizable" data-paragraphname="gridpts">
              <legend>Number of points for the grid</legend>
              <div>
                <table>
                  <tr>
                    <td>
                      <label class="parameter " title="" data-issimple="false" data-ismultiple="false" data-default-value="" data-datatype="Integer" data-datatype-superclass="" data-biotype="" data-card="" data-formats="" data-parametername="gridpts_x">X<input name="gridpts_x" type="text" value=""/>
                      </label>
                    </td>
                    <td>
                      <label class="parameter " title="" data-issimple="false" data-ismultiple="false" data-default-value="" data-datatype="Integer" data-datatype-superclass="" data-biotype="" data-card="" data-formats="" data-parametername="gridpts_y">Y<input name="gridpts_y" type="text" value=""/>
                      </label>
                    </td>
                    <td>
                      <label class="parameter " title="" data-issimple="false" data-ismultiple="false" data-default-value="" data-datatype="Integer" data-datatype-superclass="" data-biotype="" data-card="" data-formats="" data-parametername="gridpts_z">Z<input name="gridpts_z" type="text" value=""/>
                      </label>
                    </td>
                  </tr>
                </table>
              </div>
            </fieldset>
          </div>
        </fieldset>
      </interface>
      <interface type="job_input" generated="true">
        <xhtml:fieldset xmlns:xhtml="http://www.w3.org/1999/xhtml" class="minimizable" data-paragraphname="Special">
          <xhtml:legend>Demonstration Mode</xhtml:legend>
          <xhtml:div>
            <xhtml:div data-parametername="demo" class="parameter &#10;&#9;&#9;&#9;&#9;mandatory&#10;&#9;&#9;&#9;&#9;" title="This parameter is mandatory" data-issimple="true" data-ismultiple="false" data-default-value="1" data-datatype="Boolean" data-datatype-superclass="" data-biotype="" data-card="" data-formats=""/>
          </xhtml:div>
        </xhtml:fieldset>
        <xhtml:fieldset xmlns:xhtml="http://www.w3.org/1999/xhtml" class="minimizable" data-paragraphname="input_data">
          <xhtml:legend>Input Data</xhtml:legend>
          <xhtml:div>
            <xhtml:div data-parametername="command_line" class="parameter " title="" data-issimple="false" data-ismultiple="false" data-default-value="" data-datatype="String" data-datatype-superclass="" data-biotype="" data-card="" data-formats=""/>
            <xhtml:div data-parametername="ligand_format" class="parameter " title="" data-issimple="true" data-ismultiple="false" data-default-value="mol2" data-datatype="Choice" data-datatype-superclass="" data-biotype="" data-card="" data-formats=""/>
            <xhtml:div data-parametername="ligand_file" class="parameter " title="" data-issimple="true" data-ismultiple="false" data-default-value="" data-datatype="_3DStructure" data-datatype-superclass="AbstractText" data-biotype="Drug " data-card="" data-formats="mol2 sdf ">
              <xhtml:i>
				(Drug _3DStructure)
			</xhtml:i>
              <xhtml:a href="#idm139847993618160::comment" class="blindLink commentToggle" onclick="if (typeof portal=='undefined'){var target=document.getElementById(this.getAttribute('href').substr(1)); target.style.display=(target.style.display=='none') ? '':'none';}" title="click to expand/collapse contextual help">?</xhtml:a>
              <xhtml:div id="idm139847993618160::comment" class="commentText" style="display:none" mode="ajaxTarget">
                <xhtml:div>
              Input a file in mol2 or sdf format. Up to 10 compounds are accepted.
            </xhtml:div>
              </xhtml:div>
            </xhtml:div>
            <xhtml:div data-parametername="receptor_format" class="parameter " title="" data-issimple="true" data-ismultiple="false" data-default-value="pdb" data-datatype="Choice" data-datatype-superclass="" data-biotype="" data-card="" data-formats=""/>
            <xhtml:div data-parametername="receptor_file" class="parameter " title="" data-issimple="true" data-ismultiple="false" data-default-value="" data-datatype="_3DStructure" data-datatype-superclass="AbstractText" data-biotype="Protein " data-card="" data-formats="pdb mol2 ">
              <xhtml:i>
				(Protein _3DStructure)
			</xhtml:i>
              <xhtml:a href="#idm139847993744960::comment" class="blindLink commentToggle" onclick="if (typeof portal=='undefined'){var target=document.getElementById(this.getAttribute('href').substr(1)); target.style.display=(target.style.display=='none') ? '':'none';}" title="click to expand/collapse contextual help">?</xhtml:a>
              <xhtml:div id="idm139847993744960::comment" class="commentText" style="display:none" mode="ajaxTarget">
                <xhtml:div>
              Input a file in mol2 or pdb format.
            </xhtml:div>
              </xhtml:div>
            </xhtml:div>
          </xhtml:div>
        </xhtml:fieldset>
        <xhtml:fieldset xmlns:xhtml="http://www.w3.org/1999/xhtml" class="minimizable" data-paragraphname="grid_calculation">
          <xhtml:legend>Grid calculation</xhtml:legend>
          <xhtml:div>
            <xhtml:div data-parametername="grid_calculation_mode" class="parameter " title="" data-issimple="false" data-ismultiple="false" data-default-value="auto" data-datatype="Choice" data-datatype-superclass="" data-biotype="" data-card="" data-formats=""/>
          </xhtml:div>
        </xhtml:fieldset>
        <xhtml:fieldset xmlns:xhtml="http://www.w3.org/1999/xhtml" class="minimizable" data-paragraphname="residues">
          <xhtml:legend>Calculate grid from a list of residues (list of residues mode)</xhtml:legend>
          <xhtml:div>
            <xhtml:div data-parametername="residues_list" class="parameter " title="" data-issimple="false" data-ismultiple="false" data-default-value="" data-datatype="String" data-datatype-superclass="" data-biotype="" data-card="" data-formats="">
              <xhtml:a href="#idm139847993528064::comment" class="blindLink commentToggle" onclick="if (typeof portal=='undefined'){var target=document.getElementById(this.getAttribute('href').substr(1)); target.style.display=(target.style.display=='none') ? '':'none';}" title="click to expand/collapse contextual help">?</xhtml:a>
              <xhtml:div id="idm139847993528064::comment" class="commentText" style="display:none" mode="ajaxTarget">
                <xhtml:div>
              The comma-separated list of residues must be of the following form and not contain white-space or special characters: CHAIN ID, RESIDUE 3-LETTERS CODE, RESIDUE #. Example: _A_THR_1__,_A_THR_2__,_A_ILE_7__.
            </xhtml:div>
              </xhtml:div>
            </xhtml:div>
          </xhtml:div>
        </xhtml:fieldset>
        <xhtml:fieldset xmlns:xhtml="http://www.w3.org/1999/xhtml" class="minimizable" data-paragraphname="grid">
          <xhtml:legend>Calculate grid from coordinates (custom mode)</xhtml:legend>
          <xhtml:div>
            <xhtml:fieldset class="minimizable" data-paragraphname="gridcenter">
              <xhtml:legend>Grid center coordinates</xhtml:legend>
              <xhtml:div>
                <xhtml:table>
                  <xhtml:tr>
                    <xhtml:td>
                      <xhtml:div data-parametername="gridcenter_x" class="parameter " title="" data-issimple="false" data-ismultiple="false" data-default-value="" data-datatype="Float" data-datatype-superclass="" data-biotype="" data-card="" data-formats=""/>
                    </xhtml:td>
                    <xhtml:td>
                      <xhtml:div data-parametername="gridcenter_y" class="parameter " title="" data-issimple="false" data-ismultiple="false" data-default-value="" data-datatype="Float" data-datatype-superclass="" data-biotype="" data-card="" data-formats=""/>
                    </xhtml:td>
                    <xhtml:td>
                      <xhtml:div data-parametername="gridcenter_z" class="parameter " title="" data-issimple="false" data-ismultiple="false" data-default-value="" data-datatype="Float" data-datatype-superclass="" data-biotype="" data-card="" data-formats=""/>
                    </xhtml:td>
                  </xhtml:tr>
                </xhtml:table>
              </xhtml:div>
            </xhtml:fieldset>
            <xhtml:fieldset class="minimizable" data-paragraphname="gridpts">
              <xhtml:legend>Number of points for the grid</xhtml:legend>
              <xhtml:div>
                <xhtml:table>
                  <xhtml:tr>
                    <xhtml:td>
                      <xhtml:div data-parametername="gridpts_x" class="parameter " title="" data-issimple="false" data-ismultiple="false" data-default-value="" data-datatype="Integer" data-datatype-superclass="" data-biotype="" data-card="" data-formats=""/>
                    </xhtml:td>
                    <xhtml:td>
                      <xhtml:div data-parametername="gridpts_y" class="parameter " title="" data-issimple="false" data-ismultiple="false" data-default-value="" data-datatype="Integer" data-datatype-superclass="" data-biotype="" data-card="" data-formats=""/>
                    </xhtml:td>
                    <xhtml:td>
                      <xhtml:div data-parametername="gridpts_z" class="parameter " title="" data-issimple="false" data-ismultiple="false" data-default-value="" data-datatype="Integer" data-datatype-superclass="" data-biotype="" data-card="" data-formats=""/>
                    </xhtml:td>
                  </xhtml:tr>
                </xhtml:table>
              </xhtml:div>
            </xhtml:fieldset>
          </xhtml:div>
        </xhtml:fieldset>
      </interface>
      <interface type="job_output" generated="true">
        <xhtml:fieldset xmlns:xhtml="http://www.w3.org/1999/xhtml" class="minimizable" data-paragraphname="results">
          <xhtml:legend>Results</xhtml:legend>
          <xhtml:div>
            <xhtml:div data-parametername="results_table" class="parameter " title="" data-issimple="false" data-ismultiple="false" data-default-value="" data-datatype="HTML" data-datatype-superclass="AbstractText" data-biotype="" data-card="" data-formats="">
              <xhtml:i>
				(HTML)
			</xhtml:i>
            </xhtml:div>
            <xhtml:div data-parametername="results_csv" class="parameter " title="" data-issimple="false" data-ismultiple="false" data-default-value="" data-datatype="CSV" data-datatype-superclass="AbstractText" data-biotype="" data-card="" data-formats="">
              <xhtml:i>
				(CSV)
			</xhtml:i>
            </xhtml:div>
            <xhtml:div data-parametername="results_viewer" class="parameter " title="" data-issimple="false" data-ismultiple="false" data-default-value="" data-datatype="HTML" data-datatype-superclass="AbstractText" data-biotype="" data-card="" data-formats="">
              <xhtml:i>
				(HTML)
			</xhtml:i>
            </xhtml:div>
          </xhtml:div>
        </xhtml:fieldset>
      </interface>
    </head>
    <parameters>
      <paragraph>
        <name>Special</name>
        <prompt>Demonstration Mode</prompt>
        <parameters>
          <parameter ismandatory="1" issimple="1">
            <name>demo</name>
            <prompt lang="en">Test the service (the 1T4E PDB entry will be used with 10 different ligands)</prompt>
            <type>
              <datatype>
                <class>Boolean</class>
              </datatype>
            </type>
            <vdef>
              <value>1</value>
            </vdef>
            <format>
              <code proglang="python">( "" , " --demo " )[ value ]</code>
            </format>
            <ctrl>
              <message>
                <text lang="en">You must specify either the demo or input structures.</text>
              </message>
              <code proglang="python">(((ligand_file is not None) and (receptor_file is not None)) or (demo))</code>
            </ctrl>
            <interface type="form" generated="true">
              <label xmlns="http://www.w3.org/1999/xhtml" class="parameter " title="" data-issimple="false" data-ismultiple="false" data-default-value="" data-datatype="" data-datatype-superclass="" data-biotype="" data-card="" data-formats="">Test the service (the 1T4E PDB entry will be used with 10 different ligands)<select name="demo">
                  <option value="1" selected="selected">Yes</option>
                  <option value="0">No</option>
                </select>
              </label>
            </interface>
            <interface generated="true" type="job_input">
              <div xmlns="http://www.w3.org/1999/xhtml" class="parameter &#10;&#9;&#9;&#9;&#9;mandatory&#10;&#9;&#9;&#9;&#9;" title="This parameter is mandatory" data-issimple="true" data-ismultiple="false" data-default-value="1" data-datatype="Boolean" data-datatype-superclass="" data-biotype="" data-card="" data-formats="" data-parametername="demo"/>
            </interface>
          </parameter>
        </parameters>
      </paragraph>
      <paragraph>
        <name>input_data</name>
        <prompt>Input Data</prompt>
        <parameters>
          <parameter iscommand="1" ishidden="1">
            <name>command_line</name>
            <prompt>command</prompt>
            <type>
              <datatype>
                <class>String</class>
              </datatype>
            </type>
            <format>
              <code proglang="python">"/service/MTiAutoDock-dev.py"</code>
            </format>
            <interface generated="true" type="job_input">
              <div xmlns="http://www.w3.org/1999/xhtml" class="parameter " title="" data-issimple="false" data-ismultiple="false" data-default-value="" data-datatype="String" data-datatype-superclass="" data-biotype="" data-card="" data-formats="" data-parametername="command_line"/>
            </interface>
          </parameter>
          <parameter issimple="1">
            <name>ligand_format</name>
            <prompt lang="en">Ligands format</prompt>
            <type>
              <datatype>
                <class>Choice</class>
              </datatype>
            </type>
            <vdef>
              <value>mol2</value>
            </vdef>
            <vlist>
              <velem>
                <value>mol2</value>
                <label>mol2</label>
              </velem>
              <velem>
                <value>sdf</value>
                <label>sdf</label>
              </velem>
            </vlist>
            <format>
              <code proglang="python">(" --ligandFormat " + str(value), "")[demo]</code>
            </format>
            <interface type="form" generated="true">
              <label xmlns="http://www.w3.org/1999/xhtml" class="parameter " title="" data-issimple="false" data-ismultiple="false" data-default-value="" data-datatype="" data-datatype-superclass="" data-biotype="" data-card="" data-formats="">Ligands format<select name="ligand_format">
                  <option value="mol2" selected="selected">mol2</option>
                  <option value="sdf">sdf</option>
                </select>
              </label>
            </interface>
            <interface generated="true" type="job_input">
              <div xmlns="http://www.w3.org/1999/xhtml" class="parameter " title="" data-issimple="true" data-ismultiple="false" data-default-value="mol2" data-datatype="Choice" data-datatype-superclass="" data-biotype="" data-card="" data-formats="" data-parametername="ligand_format"/>
            </interface>
          </parameter>
          <parameter ismaininput="1" issimple="1">
            <name>ligand_file</name>
            <prompt lang="en">Ligand(s) structure(s)</prompt>
            <type>
              <biotype>Drug</biotype>
              <datatype>
                <class>_3DStructure</class>
                <superclass>AbstractText</superclass>
              </datatype>
              <dataFormat>mol2</dataFormat>
              <dataFormat>sdf</dataFormat>
            </type>
            <format>
              <code proglang="python">(" -l " + str(value), "")[demo]</code>
            </format>
            <comment>
              <text lang="en">
              Input a file in mol2 or sdf format. Up to 10 compounds are accepted.
            </text>
            </comment>
            <interface type="form" generated="true">
              <xhtml:fieldset xmlns:xhtml="http://www.w3.org/1999/xhtml">
                <xhtml:legend>Ligand(s) structure(s)</xhtml:legend>
                <xhtml:textarea name="ligand_file" cols="60" rows="7"> </xhtml:textarea>
              </xhtml:fieldset>
            </interface>
            <interface generated="true" type="job_input">
              <div xmlns="http://www.w3.org/1999/xhtml" class="parameter " title="" data-issimple="true" data-ismultiple="false" data-default-value="" data-datatype="_3DStructure" data-datatype-superclass="AbstractText" data-biotype="Drug " data-card="" data-formats="mol2 sdf " data-parametername="ligand_file">
                <i>
				(Drug _3DStructure)
			</i>
                <a href="#idm139847993618160::comment" class="blindLink commentToggle" onclick="if (typeof portal=='undefined'){var target=document.getElementById(this.getAttribute('href').substr(1)); target.style.display=(target.style.display=='none') ? '':'none';}" title="click to expand/collapse contextual help">?</a>
                <div id="idm139847993618160::comment" class="commentText" style="display:none" mode="ajaxTarget">
                  <div>
              Input a file in mol2 or sdf format. Up to 10 compounds are accepted.
            </div>
                </div>
              </div>
            </interface>
          </parameter>
          <parameter issimple="1">
            <name>receptor_format</name>
            <prompt lang="en">Receptor format</prompt>
            <type>
              <datatype>
                <class>Choice</class>
              </datatype>
            </type>
            <vdef>
              <value>pdb</value>
            </vdef>
            <vlist>
              <velem>
                <value>pdb</value>
                <label>pdb</label>
              </velem>
              <velem>
                <value>mol2</value>
                <label>mol2</label>
              </velem>
            </vlist>
            <format>
              <code proglang="python">(" --receptorFormat " + str(value), "")[demo]</code>
            </format>
            <interface type="form" generated="true">
              <label xmlns="http://www.w3.org/1999/xhtml" class="parameter " title="" data-issimple="false" data-ismultiple="false" data-default-value="" data-datatype="" data-datatype-superclass="" data-biotype="" data-card="" data-formats="">Receptor format<select name="receptor_format">
                  <option value="pdb" selected="selected">pdb</option>
                  <option value="mol2">mol2</option>
                </select>
              </label>
            </interface>
            <interface generated="true" type="job_input">
              <div xmlns="http://www.w3.org/1999/xhtml" class="parameter " title="" data-issimple="true" data-ismultiple="false" data-default-value="pdb" data-datatype="Choice" data-datatype-superclass="" data-biotype="" data-card="" data-formats="" data-parametername="receptor_format"/>
            </interface>
          </parameter>
          <parameter ismaininput="1" issimple="1">
            <name>receptor_file</name>
            <prompt lang="en">Receptor structure</prompt>
            <type>
              <biotype>Protein</biotype>
              <datatype>
                <class>_3DStructure</class>
                <superclass>AbstractText</superclass>
              </datatype>
              <dataFormat>pdb</dataFormat>
              <dataFormat>mol2</dataFormat>
            </type>
            <format>
              <code proglang="python">(" -r " + str(value), "")[demo]</code>
            </format>
            <comment>
              <text lang="en">
              Input a file in mol2 or pdb format.
            </text>
            </comment>
            <interface type="form" generated="true">
              <xhtml:fieldset xmlns:xhtml="http://www.w3.org/1999/xhtml">
                <xhtml:legend>Receptor structure</xhtml:legend>
                <xhtml:textarea name="receptor_file" cols="60" rows="7"> </xhtml:textarea>
              </xhtml:fieldset>
            </interface>
            <interface generated="true" type="job_input">
              <div xmlns="http://www.w3.org/1999/xhtml" class="parameter " title="" data-issimple="true" data-ismultiple="false" data-default-value="" data-datatype="_3DStructure" data-datatype-superclass="AbstractText" data-biotype="Protein " data-card="" data-formats="pdb mol2 " data-parametername="receptor_file">
                <i>
				(Protein _3DStructure)
			</i>
                <a href="#idm139847993744960::comment" class="blindLink commentToggle" onclick="if (typeof portal=='undefined'){var target=document.getElementById(this.getAttribute('href').substr(1)); target.style.display=(target.style.display=='none') ? '':'none';}" title="click to expand/collapse contextual help">?</a>
                <div id="idm139847993744960::comment" class="commentText" style="display:none" mode="ajaxTarget">
                  <div>
              Input a file in mol2 or pdb format.
            </div>
                </div>
              </div>
            </interface>
          </parameter>
        </parameters>
      </paragraph>
      <paragraph>
        <name>grid_calculation</name>
        <prompt lang="en">Grid calculation</prompt>
        <parameters>
          <parameter>
            <name>grid_calculation_mode</name>
            <prompt lang="en">Mode</prompt>
            <type>
              <datatype>
                <class>Choice</class>
              </datatype>
            </type>
            <vdef>
              <value>auto</value>
            </vdef>
            <vlist>
              <velem>
                <value>auto</value>
                <label>Automatic (blind docking)</label>
              </velem>
              <velem>
                <value>residues</value>
                <label>List of residues</label>
              </velem>
              <velem>
                <value>custom</value>
                <label>Custom parameters</label>
              </velem>
            </vlist>
            <interface type="form" generated="true">
              <label xmlns="http://www.w3.org/1999/xhtml" class="parameter " title="" data-issimple="false" data-ismultiple="false" data-default-value="" data-datatype="" data-datatype-superclass="" data-biotype="" data-card="" data-formats="">Mode<select name="grid_calculation_mode">
                  <option value="auto" selected="selected">Automatic (blind docking)</option>
                  <option value="residues">List of residues</option>
                  <option value="custom">Custom parameters</option>
                </select>
              </label>
            </interface>
            <interface generated="true" type="job_input">
              <div xmlns="http://www.w3.org/1999/xhtml" class="parameter " title="" data-issimple="false" data-ismultiple="false" data-default-value="auto" data-datatype="Choice" data-datatype-superclass="" data-biotype="" data-card="" data-formats="" data-parametername="grid_calculation_mode"/>
            </interface>
          </parameter>
        </parameters>
      </paragraph>
      <paragraph>
        <name>residues</name>
        <prompt lang="en">Calculate grid from a list of residues (list of residues mode)</prompt>
        <parameters>
          <parameter>
            <name>residues_list</name>
            <prompt lang="en">List of residues</prompt>
            <type>
              <datatype>
                <class>String</class>
              </datatype>
            </type>
            <format>
              <code proglang="python">("", " --gridcenterres \"" + str(residues_list) + "\"")[grid_calculation_mode == "residues"]</code>
            </format>
            <comment>
              <text lang="en">
              The comma-separated list of residues must be of the following form and not contain white-space or special characters: CHAIN ID, RESIDUE 3-LETTERS CODE, RESIDUE #. Example: _A_THR_1__,_A_THR_2__,_A_ILE_7__.
            </text>
            </comment>
            <interface type="form" generated="true">
              <label xmlns="http://www.w3.org/1999/xhtml" class="parameter " title="" data-issimple="false" data-ismultiple="false" data-default-value="" data-datatype="" data-datatype-superclass="" data-biotype="" data-card="" data-formats="">List of residues<a href="#idm139847993528064::comment" class="blindLink commentToggle" onclick="if (typeof portal=='undefined'){var target=document.getElementById(this.getAttribute('href').substr(1)); target.style.display=(target.style.display=='none') ? '':'none';}" title="click to expand/collapse contextual help">?</a>
                <input name="residues_list" type="text" value=""/>
                <div id="idm139847993528064::comment" class="commentText" style="display:none" mode="ajaxTarget">
                  <div>
              The comma-separated list of residues must be of the following form and not contain white-space or special characters: CHAIN ID, RESIDUE 3-LETTERS CODE, RESIDUE #. Example: _A_THR_1__,_A_THR_2__,_A_ILE_7__.
            </div>
                </div>
              </label>
            </interface>
            <interface generated="true" type="job_input">
              <div xmlns="http://www.w3.org/1999/xhtml" class="parameter " title="" data-issimple="false" data-ismultiple="false" data-default-value="" data-datatype="String" data-datatype-superclass="" data-biotype="" data-card="" data-formats="" data-parametername="residues_list">
                <a href="#idm139847993528064::comment" class="blindLink commentToggle" onclick="if (typeof portal=='undefined'){var target=document.getElementById(this.getAttribute('href').substr(1)); target.style.display=(target.style.display=='none') ? '':'none';}" title="click to expand/collapse contextual help">?</a>
                <div id="idm139847993528064::comment" class="commentText" style="display:none" mode="ajaxTarget">
                  <div>
              The comma-separated list of residues must be of the following form and not contain white-space or special characters: CHAIN ID, RESIDUE 3-LETTERS CODE, RESIDUE #. Example: _A_THR_1__,_A_THR_2__,_A_ILE_7__.
            </div>
                </div>
              </div>
            </interface>
          </parameter>
        </parameters>
      </paragraph>
      <paragraph>
        <name>grid</name>
        <prompt>Calculate grid from coordinates (custom mode)</prompt>
        <parameters>
          <paragraph>
            <name>gridcenter</name>
            <prompt lang="en">Grid center coordinates</prompt>
            <parameters>
              <parameter>
                <name>gridcenter_x</name>
                <prompt lang="en">X</prompt>
                <type>
                  <datatype>
                    <class>Float</class>
                  </datatype>
                </type>
                <format>
                  <code proglang="python">""</code>
                </format>
                <interface type="form" generated="true">
                  <label xmlns="http://www.w3.org/1999/xhtml" class="parameter " title="" data-issimple="false" data-ismultiple="false" data-default-value="" data-datatype="" data-datatype-superclass="" data-biotype="" data-card="" data-formats="">X<input name="gridcenter_x" type="text" value=""/>
                  </label>
                </interface>
                <interface generated="true" type="job_input">
                  <div xmlns="http://www.w3.org/1999/xhtml" class="parameter " title="" data-issimple="false" data-ismultiple="false" data-default-value="" data-datatype="Float" data-datatype-superclass="" data-biotype="" data-card="" data-formats="" data-parametername="gridcenter_x"/>
                </interface>
              </parameter>
              <parameter>
                <name>gridcenter_y</name>
                <prompt lang="en">Y</prompt>
                <type>
                  <datatype>
                    <class>Float</class>
                  </datatype>
                </type>
                <format>
                  <code proglang="python">""</code>
                </format>
                <interface type="form" generated="true">
                  <label xmlns="http://www.w3.org/1999/xhtml" class="parameter " title="" data-issimple="false" data-ismultiple="false" data-default-value="" data-datatype="" data-datatype-superclass="" data-biotype="" data-card="" data-formats="">Y<input name="gridcenter_y" type="text" value=""/>
                  </label>
                </interface>
                <interface generated="true" type="job_input">
                  <div xmlns="http://www.w3.org/1999/xhtml" class="parameter " title="" data-issimple="false" data-ismultiple="false" data-default-value="" data-datatype="Float" data-datatype-superclass="" data-biotype="" data-card="" data-formats="" data-parametername="gridcenter_y"/>
                </interface>
              </parameter>
              <parameter>
                <name>gridcenter_z</name>
                <prompt lang="en">Z</prompt>
                <type>
                  <datatype>
                    <class>Float</class>
                  </datatype>
                </type>
                <format>
                  <code proglang="python">""</code>
                </format>
                <interface type="form" generated="true">
                  <label xmlns="http://www.w3.org/1999/xhtml" class="parameter " title="" data-issimple="false" data-ismultiple="false" data-default-value="" data-datatype="" data-datatype-superclass="" data-biotype="" data-card="" data-formats="">Z<input name="gridcenter_z" type="text" value=""/>
                  </label>
                </interface>
                <interface generated="true" type="job_input">
                  <div xmlns="http://www.w3.org/1999/xhtml" class="parameter " title="" data-issimple="false" data-ismultiple="false" data-default-value="" data-datatype="Float" data-datatype-superclass="" data-biotype="" data-card="" data-formats="" data-parametername="gridcenter_z"/>
                </interface>
              </parameter>
              <parameter ishidden="1">
                <name>gridcenter_control</name>
                <type>
                  <datatype>
                    <class>Float</class>
                  </datatype>
                </type>
                <format>
                  <code proglang="python">("", " --gridcentercrds " + str(gridcenter_x) + "," + str(gridcenter_y) + "," + str(gridcenter_z))[grid_calculation_mode == "custom"]</code>
                </format>
                <ctrl>
                  <message>
                    <text lang="en">You must fill in all coordinates.</text>
                  </message>
                  <code proglang="python">(((gridcenter_x is not None) and (gridcenter_y is not None) and (gridcenter_z is not None)) or (grid_calculation_mode == "auto"))</code>
                </ctrl>
                <interface generated="true" type="job_input">
                  <div xmlns="http://www.w3.org/1999/xhtml" class="parameter " title="" data-issimple="false" data-ismultiple="false" data-default-value="" data-datatype="Float" data-datatype-superclass="" data-biotype="" data-card="" data-formats="" data-parametername="gridcenter_control"/>
                </interface>
              </parameter>
            </parameters>
            <layout>
              <hbox>
                <box>gridcenter_x</box>
                <box>gridcenter_y</box>
                <box>gridcenter_z</box>
              </hbox>
            </layout>
          </paragraph>
          <paragraph>
            <name>gridpts</name>
            <prompt lang="en">Number of points for the grid</prompt>
            <parameters>
              <parameter>
                <name>gridpts_x</name>
                <prompt lang="en">X</prompt>
                <type>
                  <datatype>
                    <class>Integer</class>
                  </datatype>
                </type>
                <format>
                  <code proglang="python">""</code>
                </format>
                <interface type="form" generated="true">
                  <label xmlns="http://www.w3.org/1999/xhtml" class="parameter " title="" data-issimple="false" data-ismultiple="false" data-default-value="" data-datatype="" data-datatype-superclass="" data-biotype="" data-card="" data-formats="">X<input name="gridpts_x" type="text" value=""/>
                  </label>
                </interface>
                <interface generated="true" type="job_input">
                  <div xmlns="http://www.w3.org/1999/xhtml" class="parameter " title="" data-issimple="false" data-ismultiple="false" data-default-value="" data-datatype="Integer" data-datatype-superclass="" data-biotype="" data-card="" data-formats="" data-parametername="gridpts_x"/>
                </interface>
              </parameter>
              <parameter>
                <name>gridpts_y</name>
                <prompt lang="en">Y</prompt>
                <type>
                  <datatype>
                    <class>Integer</class>
                  </datatype>
                </type>
                <format>
                  <code proglang="python">""</code>
                </format>
                <interface type="form" generated="true">
                  <label xmlns="http://www.w3.org/1999/xhtml" class="parameter " title="" data-issimple="false" data-ismultiple="false" data-default-value="" data-datatype="" data-datatype-superclass="" data-biotype="" data-card="" data-formats="">Y<input name="gridpts_y" type="text" value=""/>
                  </label>
                </interface>
                <interface generated="true" type="job_input">
                  <div xmlns="http://www.w3.org/1999/xhtml" class="parameter " title="" data-issimple="false" data-ismultiple="false" data-default-value="" data-datatype="Integer" data-datatype-superclass="" data-biotype="" data-card="" data-formats="" data-parametername="gridpts_y"/>
                </interface>
              </parameter>
              <parameter>
                <name>gridpts_z</name>
                <prompt lang="en">Z</prompt>
                <type>
                  <datatype>
                    <class>Integer</class>
                  </datatype>
                </type>
                <format>
                  <code proglang="python">""</code>
                </format>
                <interface type="form" generated="true">
                  <label xmlns="http://www.w3.org/1999/xhtml" class="parameter " title="" data-issimple="false" data-ismultiple="false" data-default-value="" data-datatype="" data-datatype-superclass="" data-biotype="" data-card="" data-formats="">Z<input name="gridpts_z" type="text" value=""/>
                  </label>
                </interface>
                <interface generated="true" type="job_input">
                  <div xmlns="http://www.w3.org/1999/xhtml" class="parameter " title="" data-issimple="false" data-ismultiple="false" data-default-value="" data-datatype="Integer" data-datatype-superclass="" data-biotype="" data-card="" data-formats="" data-parametername="gridpts_z"/>
                </interface>
              </parameter>
              <parameter ishidden="1">
                <name>gridpts_control</name>
                <type>
                  <datatype>
                    <class>String</class>
                  </datatype>
                </type>
                <format>
                  <code proglang="python">("", " --gridpts " + str(gridpts_x) + "," + str(gridpts_y) + "," + str(gridpts_z))[grid_calculation_mode == "custom"]</code>
                </format>
                <ctrl>
                  <message>
                    <text lang="en">You must fill in all coordinates.</text>
                  </message>
                  <code proglang="python">(((gridpts_x is not None) and (gridpts_y is not None) and (gridpts_z is not None)) or (grid_calculation_mode == "auto"))</code>
                </ctrl>
                <interface generated="true" type="job_input">
                  <div xmlns="http://www.w3.org/1999/xhtml" class="parameter " title="" data-issimple="false" data-ismultiple="false" data-default-value="" data-datatype="String" data-datatype-superclass="" data-biotype="" data-card="" data-formats="" data-parametername="gridpts_control"/>
                </interface>
              </parameter>
            </parameters>
            <layout>
              <hbox>
                <box>gridpts_x</box>
                <box>gridpts_y</box>
                <box>gridpts_z</box>
              </hbox>
            </layout>
          </paragraph>
        </parameters>
      </paragraph>
      <paragraph>
        <name>results</name>
        <prompt lang="en">Results</prompt>
        <parameters>
          <parameter isout="1">
            <name>results_table</name>
            <prompt>Best poses table and downloads</prompt>
            <type>
              <datatype>
                <class>HTML</class>
                <superclass>AbstractText</superclass>
              </datatype>
            </type>
            <filenames>
              <code proglang="python">"best_poses.html"</code>
            </filenames>
            <interface generated="true" type="job_output">
              <div xmlns="http://www.w3.org/1999/xhtml" class="parameter " title="" data-issimple="false" data-ismultiple="false" data-default-value="" data-datatype="HTML" data-datatype-superclass="AbstractText" data-biotype="" data-card="" data-formats="" data-parametername="results_table">
                <i>
				(HTML)
			</i>
              </div>
            </interface>
          </parameter>
          <parameter isout="1">
            <name>results_csv</name>
            <prompt>Best poses csv file</prompt>
            <type>
              <datatype>
                <class>CSV</class>
                <superclass>AbstractText</superclass>
              </datatype>
            </type>
            <filenames>
              <code proglang="python">"best_poses.csv"</code>
            </filenames>
            <interface generated="true" type="job_output">
              <div xmlns="http://www.w3.org/1999/xhtml" class="parameter " title="" data-issimple="false" data-ismultiple="false" data-default-value="" data-datatype="CSV" data-datatype-superclass="AbstractText" data-biotype="" data-card="" data-formats="" data-parametername="results_csv">
                <i>
				(CSV)
			</i>
              </div>
            </interface>
          </parameter>
          <parameter isout="1">
            <name>results_viewer</name>
            <prompt>Best poses viewer</prompt>
            <type>
              <datatype>
                <class>HTML</class>
                <superclass>AbstractText</superclass>
              </datatype>
            </type>
            <filenames>
              <code proglang="python">"poses_explorer.html"</code>
            </filenames>
            <interface generated="true" type="job_output">
              <div xmlns="http://www.w3.org/1999/xhtml" class="parameter " title="" data-issimple="false" data-ismultiple="false" data-default-value="" data-datatype="HTML" data-datatype-superclass="AbstractText" data-biotype="" data-card="" data-formats="" data-parametername="results_viewer">
                <i>
				(HTML)
			</i>
              </div>
            </interface>
          </parameter>
        </parameters>
      </paragraph>
    </parameters>
  </program>
  <name>http://mobyle.rpbs.univ-paris-diderot.fr/data/services/servers/local/programs/MTiAutoDock.xml</name>
  <host>http://mobyle.rpbs.univ-paris-diderot.fr</host>
  <id>http://mobyle.rpbs.univ-paris-diderot.fr/data/jobs/MTiAutoDock/F01764118017912</id>
  <date>04/20/19  21:06:59</date>
  <sessionKey>T27652238248110</sessionKey>
  <data>
    <input>
      <parameter>
        <name>demo</name>
      </parameter>
      <value>False</value>
    </input>
    <input>
      <parameter>
        <name>ligand_format</name>
      </parameter>
      <value>sdf</value>
    </input>
    <input>
      <parameter>
        <name>ligand_file</name>
      </parameter>
      <file>
        <raw fmt="not detected" size="2459">LIMK1_ligand379_ZINC000034836571.sdf</raw>
      </file>
    </input>
    <input>
      <parameter>
        <name>receptor_file</name>
      </parameter>
      <file>
        <raw fmt="not detected" size="171558">5nxd_chainA.pdb</raw>
      </file>
    </input>
    <input>
      <parameter>
        <name>grid_calculation_mode</name>
      </parameter>
      <value>residues</value>
    </input>
    <input>
      <parameter>
        <name>residues_list</name>
      </parameter>
      <value>_A_LYS_360__,_A_GLU_361__,_A_MET_380__,_A_LEU_383__,_A_VAL_388__,_A_LEU_389__,_A_PHE_391__,_A_LEU_403__,_A_THR_405__,_A_LEU_442__,_A_HIS_449__,_A_VAL_467__,_A_ALA_468__,_A_ASP_469__,_A_PHE_470__,_A_LEU_472__,_A_ARG_474__.</value>
    </input>
    <output>
      <parameter>
        <name>results_table</name>
      </parameter>
      <file size="8119">best_poses.html</file>
    </output>
    <output>
      <parameter>
        <name>results_csv</name>
      </parameter>
      <file size="419">best_poses.csv</file>
    </output>
    <output>
      <parameter>
        <name>results_viewer</name>
      </parameter>
      <file size="6731">poses_explorer.html</file>
    </output>
    <output>
      <parameter>
        <name>stdout</name>
      </parameter>
      <file size="580">MTiAutoDock.out</file>
    </output>
  </data>
  <commandLine>/service/MTiAutoDock-dev.py --ligandFormat sdf -l LIMK1_ligand379_ZINC000034836571.sdf --receptorFormat pdb -r 5nxd_chainA.pdb --gridcenterres "_A_LYS_360__,_A_GLU_361__,_A_MET_380__,_A_LEU_383__,_A_VAL_388__,_A_LEU_389__,_A_PHE_391__,_A_LEU_403__,_A_THR_405__,_A_LEU_442__,_A_HIS_449__,_A_VAL_467__,_A_ALA_468__,_A_ASP_469__,_A_PHE_470__,_A_LEU_472__,_A_ARG_474__."</commandLine>
  <status>
    <value>finished</value>
    <message/>
  </status>
</jobState>
