Entry	Length
A0A059UE90	419
A0A060INS8	335
A0A072ZLE6	332
A0A087X1C5	515
A0A0A1P6P0	510
A0A0C5K5S3	207
A0A0C5PRQ1	614
A0A0C7ACN7	337
A0A0D1C8X8	580
A0A0D9R315	1823
A0A0E1AED5	431
A0A0E7NXW5	323
A0A0H2UPP7	230
A0A0H2UU62	650
A0A0H2W861	359
A0A0H4FQ60	540
A0A0J1HJU0	487
A0A0J1I0H1	292
A0A0J9TE27	233
A0A0K1CY61	685
A0A1I7V6Q8	501
A0A1I7V8J2	295
A0A1I7W5G9	248
A0A1I7W5Q0	373
A0A1S0QXZ2	453
A0A2J8P2M1	338
A0A384KHN0	871
A0AVT1	1052
A0JN73	1002
A0MJA4	1325
A0MJA5	1332
A0QNE0	675
A0QVH7	398
A0R607	460
A0R666	217
A0SYQ0	153
A0T123	548
A0ZX81	286
A1A4K5	888
A1E3K9	288
A1XG20	516
A1YYP7	431
A1Z199	97
A1ZA98	579
A2AGL3	4863
A2AIR5	1135
A2AJ88	1352
A2AMW3	916
A2APX8	2009
A2CF88	663
A2PZ98	642
A2RP81	308
A3EZI9	631
A3EZJ3	631
A3EZJ4	297
A3EZJ5	251
A3EZJ9	308
A3EZK0	267
A3FFR5	286
A3KMY8	652
A3QR02	503
A3RGC1	427
A3RLP8	370
A4D0S4	1761
A4D1B5	854
A4GRB7	290
A4GTP0	241
A4GXC7	560
A4HSF7	491
A4IFJ5	749
A4KCT8	286
A4Q9F0	912
A4QPH2	592
A4TVL0	124
A4XI97	676
A4ZYU9	386
A5A0U0	446
A5A4K8	400
A5A4K9	366
A5A8K3	427
A5D7B7	760
A5GZW8	159
A5H660	440
A5H8A5	511
A5HJU3	286
A5JV95	491
A5K1N1	572
A5LHX3	300
A5U6Z7	214
A5X5Y0	456
A5Z1V5	382
A5Z252	449
A6BMM6	1242
A6H5Y3	1253
A6NHL2	446
A6NMZ7	2263
A6NNZ2	444
A6QP37	438
A6QR73	298
A6XA80	150
A6YCJ1	292
A7E2Y1	1983
A7L861	574
A7LB47	301
A7WP95	293
A7XBP7	516
A8DS27	293
A8K2H7	482
A8K7I4	914
A8MPY1	467
A8PUY1	304
A8Q2D1	599
A8QUY6	246
A8RR46	307
A8TX70	2615
A9JQL9	287
A9LM97	282
A9QW74	594
A9X4R8	38
A9XFY4	781
B0BL08	157
B0BNF9	370
B0FL73	467
B0K020	108
B0LPN4	4953
B0M1D1	190
B1AH88	102
B1B4J9	265
B1WBY8	546
B2GV46	319
B2LUN4	420
B2RLK2	1723
B2RQC6	2225
B2RX12	1523
B2RXC2	942
B2RXH2	506
B2V8E3	246
B2ZTR6	359
B3SST5	728
B3TNN2	615
B3VTJ2	941
B4EB35	316
B4EH87	129
B4FS76	370
B4URE7	565
B4URF0	453
B5ATN6	197
B5DFI9	415
B5SU02	323
B5THE3	1818
B5U2Z5	194
B6F061	249
B6TK44	297
B7UJP3	620
B7UUK1	167
B8PY99	368
B8Q4Z9	411
B8R6A5	312
B8RG26	479
B9EGA7	1699
B9UM26	362
B9UM29	337
B9V8S1	908
B9W4V6	371
B9W6M3	607
C0HJB3	981
C0IX24	316
C0L093	664
C1JLF0	158
C1KUY1	140
C1KUY2	224
C1KUY3	118
C1N1S5	541
C3L5T6	189
C3LPU7	347
C3SIU2	105
C3SJS7	310
C3SLB7	456
C3SLN2	804
C3SLN3	804
C3SWJ7	264
C3TDZ2	317
C3TIE2	350
C3TRK2	638
C4LRQ6	449
C4LW95	314
C4PKY4	108
C4PKZ2	136
C4PKZ6	104
C4YTQ8	707
C5HJ74	145
C5ISA2	448
C5IU80	397
C5IW59	356
C6L817	401
C7C422	270
C7DTR7	160
C8YUV9	291
C8Z4T0	1501
D0E0C1	2050
D0VWV4	169
D1KEB8	576
D1MEN9	266
D1MIX9	287
D2D9J0	266
D2K2A8	54
D2SSQ3	283
D2Y1A6	152
D3W065	265
D3ZDM7	341
D3ZGQ2	270
D3ZJF9	420
D3ZUM4	647
D3ZWV0	485
D4A3N4	967
D5F1R0	470
D5HSX5	308
D5JGF6	251
D6NSM8	383
E0V9R7	504
E0V9W2	398
E0VAD1	503
E0VB18	569
E0VB20	505
E0VBK5	566
E0VCA5	476
E0VCW8	657
E0VCW9	518
E0VDF4	534
E0VDF5	572
E0VDF7	545
E0VDM3	551
E0VDR0	533
E0VED4	498
E0VGV6	509
E0VHL8	520
E0VHZ1	535
E0VJJ0	487
E0VM29	510
E0VMV6	499
E0VMV7	523
E0VMW9	460
E0VP62	513
E0VQ45	495
E0VQ46	504
E0VQ47	456
E0VRD2	526
E0VSD4	529
E0VSD5	518
E0VUR0	506
E0VUR1	418
E0VV39	508
E0VV52	499
E0VV70	370
E0VV72	497
E0VXT9	602
E0VY07	467
E0VY79	1683
E0VZW4	494
E0W115	544
E0W2B1	537
E0W389	522
E0W492	423
E0W4F7	96
E0WN35	781
E1BKU0	403
E1BN64	1120
E2QDN0	367
E2QF15	360
E2R4B8	335
E2R517	478
E2RDN4	489
E2RFF5	992
E3SW77	524
E3UJZ5	585
E5L6Y0	402
E5L6Y1	444
E9PZQ0	5035
E9Q4Z2	2448
F1KRD8	544
F1L005	459
F1L4P8	507
F1L5G6	520
F1L7U3	455
F1L7Y0	453
F1L8A5	444
F1LCS0	96
F1LMD7	1156
F1LNR9	597
F1LWD8	340
F1MPW5	721
F1N083	372
F1NJH8	843
F1RM69	300
F1RUX3	717
F1RW91	758
F1S1A7	872
F1SH20	1044
F1SHP0	929
F2SF18	1066
F2SG63	451
F2SHH3	527
F2SZ02	449
F2SZD3	449
F4MUJ9	340
F4NA86	744
F6VR90	387
F6X9D9	687
G1SR55	460
G2YM83	227
G3EFH9	81
G3FIN0	744
G3H1Y1	323
G3H407	391
G3H8F4	893
G3H9J3	1107
G3HDX1	291
G3HIE5	399
G3HZR5	176
G3I1B6	422
G3IAK4	501
G3V673	927
G3V783	539
G3V906	351
G4FEF4	552
G4WW85	512
G4XX53	187
G5EF15	264
G7L3C0	499
G7P5Q7	328
G7PWB2	325
G7Q3P2	335
G8A3U3	286
H0VIT6	2142
H0W390	1844
H0W4W8	1774
H6TY12	538
H9B8T9	335
H9BT73	2320
H9CNL0	5118
H9EUW9	382
H9TVJ1	478
H9U2V9	812
H9U2W0	496
H9U2W1	675
I2CTQ4	757
I3LIR5	583
I3VR33	5142
I6LNT8	483
I6YFP0	266
J3SE37	563
J7HAW4	604
J7IFZ2	165
J7QX79	232
K2RV19	532
K4JQ36	426
K4JRP7	608
K7GQZ4	638
K7N5L2	503
M3VH47	415
M5BZV0	915
M9NE13	371
M9TGV3	269
O00089	804
O00115	360
O00141	431
O00142	265
O00167	538
O00182	355
O00204	365
O00206	839
O00214	317
O00217	210
O00220	468
O00222	908
O00231	422
O00232	456
O00238	502
O00254	374
O00255	615
O00257	560
O00303	357
O00305	520
O00311	574
O00329	1044
O00337	649
O00338	296
O00398	339
O00400	549
O00408	941
O00411	1230
O00418	725
O00421	344
O00443	1686
O00444	970
O00459	728
O00462	879
O00482	541
O00483	81
O00487	310
O00506	426
O00512	1426
O00519	579
O00555	2506
O00562	1244
O00571	662
O00574	342
O00591	440
O00624	439
O00625	290
O00748	559
O00750	1634
O00754	1011
O00763	2458
O00764	312
O00767	359
O01739	383
O01945	322
O02662	405
O02663	529
O02667	319
O02747	847
O02768	604
O02776	977
O02811	2102
O02824	466
O02853	191
O04373	440
O04417	492
O04931	913
O06446	843
O07427	279
O07855	502
O07911	430
O08498	249
O08530	382
O08532	1103
O08537	530
O08553	572
O08556	354
O08557	285
O08562	1984
O08565	349
O08580	422
O08590	763
O08663	478
O08689	376
O08703	162
O08705	362
O08725	364
O08726	372
O08749	509
O08755	465
O08786	436
O08788	1281
O08790	351
O08816	501
O08858	362
O08878	375
O08889	356
O08911	367
O08914	579
O08966	556
O08967	399
O09028	440
O09106	482
O09110	347
O09114	189
O09158	503
O09175	650
O09800	91
O13332	471
O13383	690
O13423	1640
O13428	1897
O14519	115
O14561	156
O14578	2027
O14638	875
O14640	695
O14641	736
O14649	394
O14672	748
O14684	152
O14686	5537
O14727	1248
O14730	519
O14733	419
O14744	637
O14746	1132
O14757	476
O14763	440
O14764	452
O14777	642
O14782	793
O14786	923
O14788	317
O14793	375
O14804	337
O14818	248
O14842	300
O14843	346
O14880	152
O14920	756
O14924	1447
O14936	926
O14939	933
O14965	403
O14966	203
O14975	620
O14976	1311
O14980	1071
O14983	1001
O15021	2623
O15054	1643
O15055	1255
O15066	747
O15075	740
O15111	745
O15118	1278
O15120	278
O15121	323
O15123	496
O15146	869
O15151	490
O15164	1050
O15169	862
O15197	1021
O15217	222
O15218	404
O15226	690
O15228	680
O15229	486
O15230	3695
O15239	70
O15244	555
O15245	554
O15264	365
O15269	473
O15270	562
O15294	1046
O15296	676
O15297	605
O15303	877
O15305	246
O15355	546
O15357	1258
O15379	428
O15382	392
O15392	142
O15393	492
O15399	1336
O15427	465
O15438	1527
O15439	1325
O15440	1437
O15455	904
O15460	535
O15492	202
O15496	165
O15519	480
O15527	345
O15528	508
O15530	556
O15540	132
O15547	441
O15550	1401
O15552	330
O15554	427
O15648	487
O15727	327
O15770	500
O15826	268
O18323	871
O18473	576
O18531	757
O18956	513
O19015	669
O19045	490
O19067	243
O19175	125
O24163	548
O24164	504
O24855	221
O25801	346
O26232	228
O30412	244
O30463	181
O30527	294
O31211	437
O31272	255
O32393	1202
O32449	317
O33853	490
O34483	310
O34623	1115
O34667	157
O35077	349
O35078	346
O35083	285
O35084	507
O35164	246
O35186	329
O35235	316
O35240	533
O35346	1055
O35379	1528
O35433	838
O35435	395
O35448	302
O35454	870
O35491	499
O35492	638
O35493	481
O35505	169
O35604	1277
O35627	358
O35659	463
O35678	303
O35744	398
O35795	495
O35811	361
O35820	163
O35854	393
O35880	50
O35904	1043
O35913	661
O35949	271
O35952	309
O35956	551
O35988	198
O40239	109
O40947	1089
O41156	216
O42275	633
O42392	451
O42713	556
O42772	297
O42778	405
O42779	544
O43172	522
O43174	497
O43175	533
O43181	175
O43184	909
O43193	412
O43194	453
O43242	534
O43280	583
O43283	966
O43293	454
O43306	1168
O43318	606
O43353	540
O43451	1857
O43463	412
O43497	2377
O43508	249
O43521	198
O43524	673
O43525	872
O43526	872
O43557	240
O43561	262
O43570	354
O43598	174
O43603	387
O43612	131
O43613	425
O43614	444
O43653	114
O43674	189
O43676	98
O43677	76
O43678	99
O43683	1085
O43704	296
O43708	216
O43739	400
O43741	272
O43772	301
O43781	588
O43826	429
O43865	530
O43868	658
O43895	674
O43920	106
O43921	213
O43924	150
O45117	552
O45307	334
O46128	523
O46521	191
O46635	470
O49150	864
O50979	449
O51933	404
O52327	547
O52691	227
O53551	502
O53585	637
O53645	1194
O54050	462
O54698	457
O54699	456
O54735	833
O54754	1333
O54798	399
O54814	359
O54833	350
O54890	787
O54908	272
O54912	411
O54915	431
O54937	412
O54939	306
O54967	1055
O54968	604
O54988	1233
O55017	2327
O55040	428
O55137	419
O55192	617
O55193	373
O55234	264
O55242	223
O59791	323
O59952	291
O60218	316
O60235	418
O60240	522
O60256	369
O60259	260
O60266	1144
O60282	957
O60285	661
O60307	1309
O60331	668
O60333	1816
O60341	852
O60346	1717
O60359	315
O60391	1043
O60427	444
O60502	916
O60503	1353
O60551	498
O60563	726
O60602	858
O60603	784
O60656	530
O60658	829
O60669	478
O60671	282
O60674	1132
O60675	156
O60678	531
O60704	377
O60706	1549
O60725	284
O60733	806
O60741	890
O60755	368
O60760	199
O60779	497
O60825	505
O60840	1977
O60880	128
O60882	483
O60883	481
O60885	1362
O60894	148
O60895	175
O60896	148
O60906	423
O60911	334
O60928	360
O60930	286
O60989	450
O61059	567
O61142	690
O62664	600
O62698	604
O62855	364
O64411	500
O65677	487
O67625	289
O67648	282
O68720	468
O69002	198
O69638	327
O69773	384
O70126	345
O70127	1321
O70129	345
O70174	629
O70196	710
O70212	490
O70247	634
O70282	557
O70342	466
O70344	671
O70370	340
O70423	765
O70424	76
O70436	467
O70444	326
O70456	248
O70526	372
O70528	388
O70536	545
O70577	553
O70594	557
O74189	877
O75015	233
O75030	526
O75084	574
O75106	756
O75116	1388
O75144	302
O75164	1064
O75173	837
O75251	213
O75306	463
O75311	464
O75343	617
O75351	444
O75355	529
O75365	173
O75376	2440
O75380	124
O75385	1050
O75387	559
O75388	356
O75417	2590
O75419	566
O75438	58
O75449	491
O75460	977
O75469	434
O75475	530
O75489	264
O75493	328
O75496	209
O75530	441
O75533	1304
O75578	1167
O75581	1613
O75582	802
O75604	605
O75608	230
O75676	772
O75688	479
O75716	305
O75747	1445
O75751	556
O75762	1119
O75795	530
O75828	277
O75832	226
O75844	475
O75845	299
O75874	414
O75884	186
O75888	250
O75897	302
O75899	941
O75907	488
O75908	522
O75909	580
O75914	559
O75936	387
O75956	126
O76021	490
O76031	633
O76039	1030
O76062	418
O76074	875
O76082	557
O76083	593
O76202	472
O77078	371
O77239	305
O77240	513
O77344	440
O77636	112
O77656	471
O77669	159
O77746	865
O77759	526
O77760	550
O77773	1091
O77823	118
O78749	514
O78750	227
O80452	839
O81014	383
O85361	506
O86157	203
O86309	275
O87171	128
O88269	1502
O88275	505
O88319	424
O88351	757
O88397	670
O88410	367
O88420	1978
O88427	2365
O88446	551
O88457	1765
O88472	185
O88496	758
O88508	908
O88509	859
O88533	480
O88554	559
O88559	611
O88563	1522
O88566	840
O88587	265
O88627	660
O88665	651
O88689	947
O88693	394
O88703	863
O88704	910
O88761	953
O88766	466
O88831	587
O88838	264
O88851	186
O88855	351
O88867	478
O88871	940
O88895	424
O88908	525
O88909	537
O88942	717
O88943	852
O88944	873
O89017	435
O89049	499
O89084	844
O89085	117
O92284	524
O92972	3010
O93400	375
O93807	502
O93874	270
O93875	386
O94222	520
O94759	1503
O94760	285
O94768	372
O94782	785
O94788	518
O94804	968
O94806	890
O94907	266
O94921	469
O94925	669
O94953	1096
O94956	709
O94992	359
O95050	263
O95067	398
O95069	426
O95136	353
O95139	128
O95147	198
O95149	360
O95167	84
O95168	129
O95169	186
O95178	105
O95180	2353
O95182	113
O95235	890
O95237	230
O95239	1232
O95251	611
O95255	1503
O95259	989
O95263	885
O95264	441
O95267	797
O95271	1327
O95278	331
O95298	119
O95299	355
O95342	1321
O95352	703
O95363	451
O95372	231
O95382	1288
O95393	424
O95398	923
O95399	124
O95433	338
O95453	639
O95456	288
O95461	756
O95470	568
O95477	2261
O95503	412
O95544	446
O95551	362
O95602	1720
O95622	1261
O95644	943
O95665	410
O95696	1058
O95718	433
O95747	527
O95749	300
O95819	1239
O95822	493
O95835	1130
O95838	553
O95864	444
O95870	558
O95907	504
O95931	251
O95932	706
O95977	384
O96000	172
O96013	591
O96017	543
O96020	404
O96028	1365
O96214	320
O96394	329
O96526	311
O96760	426
O96935	1085
O97095	541
O97148	514
O97161	185
O97447	323
O97467	504
O97506	643
O97554	606
O97578	435
O97972	263
P00166	160
P00167	134
P00176	491
P00178	491
P00179	487
P00183	415
P00184	524
P00185	524
P00186	513
P00189	520
P00325	375
P00326	375
P00327	375
P00328	374
P00336	334
P00338	332
P00346	338
P00349	483
P00352	501
P00366	558
P00371	347
P00374	187
P00375	187
P00376	187
P00378	189
P00380	167
P00381	163
P00382	157
P00387	301
P00388	678
P00390	522
P00395	513
P00403	227
P00432	527
P00438	394
P00439	452
P00441	154
P00451	2351
P00469	316
P00480	354
P00488	732
P00489	843
P00491	289
P00492	218
P00493	218
P00502	222
P00507	430
P00511	780
P00515	401
P00516	671
P00517	351
P00519	1130
P00520	1123
P00521	746
P00523	533
P00530	873
P00533	1210
P00540	346
P00546	298
P00551	271
P00558	417
P00560	416
P00563	381
P00564	381
P00568	194
P00569	194
P00573	883
P00582	928
P00590	230
P00591	450
P00592	146
P00593	145
P00599	118
P00602	118
P00623	138
P00630	167
P00634	471
P00636	338
P00639	282
P00640	326
P00642	277
P00651	130
P00669	150
P00689	508
P00690	511
P00691	659
P00693	438
P00697	148
P00698	147
P00720	164
P00722	1024
P00723	1025
P00727	519
P00730	419
P00734	622
P00735	625
P00736	705
P00740	461
P00742	488
P00743	492
P00746	253
P00747	810
P00748	615
P00749	431
P00750	562
P00751	764
P00752	246
P00760	246
P00761	231
P00762	246
P00763	246
P00766	245
P00767	245
P00772	266
P00774	271
P00778	397
P00780	379
P00784	345
P00786	333
P00787	339
P00789	705
P00791	385
P00797	406
P00798	323
P00800	548
P00803	324
P00807	281
P00808	307
P00809	306
P00811	377
P00813	363
P00825	498
P00829	528
P00830	511
P00833	134
P00845	72
P00860	461
P00883	364
P00898	520
P00915	261
P00918	260
P00920	260
P00921	260
P00939	288
P00946	391
P00956	938
P00959	677
P00970	487
P01008	464
P01011	423
P01012	386
P01019	485
P01024	1663
P01031	1676
P01042	644
P01100	380
P01103	641
P01106	439
P01109	416
P01111	189
P01112	189
P01116	189
P01127	241
P01130	860
P01133	1207
P01137	390
P01138	241
P01160	153
P01161	152
P01213	254
P01215	116
P01223	138
P01256	128
P01275	180
P01282	170
P01298	95
P01308	110
P01344	180
P01374	205
P01375	233
P01501	70
P01562	189
P01563	188
P01566	189
P01567	189
P01568	189
P01569	189
P01570	189
P01571	189
P01579	166
P01583	271
P01584	269
P01588	193
P01589	272
P01590	268
P01730	458
P01848	140
P01854	428
P01911	266
P01912	266
P02067	147
P02089	147
P02144	154
P02340	390
P02452	1464
P02458	1487
P02461	1466
P02462	1669
P02511	175
P02545	664
P02550	451
P02554	445
P02585	160
P02647	267
P02665	231
P02666	224
P02671	866
P02675	491
P02679	453
P02689	132
P02692	127
P02699	348
P02701	152
P02708	482
P02710	461
P02712	493
P02714	506
P02716	520
P02718	522
P02724	150
P02743	223
P02751	2386
P02752	238
P02753	201
P02754	178
P02763	201
P02764	205
P02766	147
P02767	147
P02768	609
P02769	607
P02770	608
P02771	609
P02773	611
P02774	474
P02776	101
P02778	98
P02786	760
P02787	698
P02791	175
P02795	61
P02829	709
P02866	290
P02879	576
P02918	850
P02919	844
P02930	493
P02980	401
P03007	243
P03070	708
P03101	505
P03118	401
P03120	365
P03126	158
P03159	845
P03206	245
P03211	641
P03230	386
P03234	605
P03300	2209
P03313	2185
P03354	1603
P03355	1738
P03359	1687
P03366	1447
P03367	1447
P03369	1437
P03372	595
P03373	555
P03374	688
P03375	856
P03377	861
P03379	982
P03380	515
P03420	574
P03428	759
P03433	716
P03437	566
P03438	566
P03452	565
P03468	454
P03469	470
P03470	453
P03471	469
P03474	466
P03524	524
P03772	221
P03886	318
P03887	318
P03891	347
P03892	347
P03897	115
P03898	115
P03901	98
P03905	459
P03915	603
P03923	174
P03950	147
P03951	625
P03952	638
P03956	469
P03958	352
P03962	267
P03971	560
P03979	118
P04000	364
P04004	478
P04014	649
P04015	367
P04035	888
P04036	273
P04040	527
P04049	648
P04053	509
P04054	148
P04055	146
P04058	586
P04062	536
P04066	466
P04070	461
P04073	392
P04075	364
P04085	211
P04114	4563
P04117	132
P04141	144
P04150	777
P04156	253
P04174	162
P04176	453
P04177	498
P04180	440
P04181	439
P04183	234
P04184	233
P04185	442
P04191	1001
P04201	325
P04229	266
P04233	296
P04234	171
P04271	92
P04272	339
P04273	254
P04274	418
P04275	2813
P04276	476
P04278	402
P04288	473
P04292	1235
P04293	1235
P04303	218
P04326	86
P04350	444
P04351	169
P04353	149
P04370	250
P04401	133
P04406	335
P04409	672
P04415	898
P04416	124
P04435	115
P04437	119
P04439	365
P04488	550
P04574	266
P04578	856
P04585	1435
P04608	86
P04618	116
P04626	1255
P04629	796
P04631	92
P04632	268
P04636	338
P04637	393
P04642	332
P04694	454
P04745	511
P04746	511
P04755	521
P04756	457
P04757	499
P04760	519
P04762	527
P04774	2009
P04775	2005
P04786	769
P04792	205
P04797	333
P04798	512
P04799	513
P04800	504
P04818	313
P04825	870
P04839	570
P04904	221
P04905	218
P04925	254
P04958	1315
P04972	87
P04993	608
P05013	189
P05014	189
P05015	189
P05019	195
P05023	1023
P05024	1021
P05026	303
P05046	285
P05067	770
P05089	322
P05091	517
P05093	508
P05100	187
P05106	788
P05107	769
P05108	521
P05112	153
P05113	134
P05121	402
P05129	697
P05131	351
P05141	298
P05160	661
P05162	132
P05164	745
P05177	516
P05178	490
P05181	493
P05182	493
P05183	504
P05186	524
P05187	535
P05193	381
P05194	252
P05198	315
P05202	430
P05227	332
P05230	155
P05231	212
P05362	532
P05363	384
P05364	381
P05369	353
P05412	331
P05413	133
P05435	364
P05453	685
P05455	408
P05480	541
P05532	979
P05543	415
P05555	1153
P05556	798
P05622	1098
P05627	334
P05630	168
P05631	298
P05632	51
P05696	672
P05708	918
P05771	671
P05778	97
P05780	97
P05793	491
P05804	603
P05866	90
P05979	600
P05981	417
P05982	274
P05997	1499
P06026	393
P06127	495
P06132	367
P06133	528
P06186	930
P06199	466
P06211	600
P06213	1382
P06239	509
P06240	509
P06241	537
P06242	306
P06276	602
P06278	512
P06279	549
P06280	429
P06281	402
P06307	115
P06400	928
P06401	933
P06402	353
P06450	507
P06451	247
P06453	184
P06473	906
P06477	838
P06479	376
P06480	92
P06484	238
P06487	390
P06492	490
P06493	297
P06494	1257
P06526	509
P06536	795
P06537	783
P06576	529
P06582	145
P06608	348
P06612	865
P06628	124
P06685	1023
P06686	1020
P06687	1013
P06700	562
P06709	321
P06720	451
P06721	395
P06729	351
P06730	217
P06731	702
P06732	381
P06733	434
P06734	321
P06737	847
P06746	335
P06748	294
P06756	1048
P06757	376
P06760	648
P06762	289
P06766	335
P06786	1428
P06787	147
P06794	568
P06795	1276
P06797	334
P06803	313
P06804	235
P06821	97
P06835	825
P06855	301
P06856	1006
P06858	475
P06865	529
P06868	812
P06869	433
P06870	262
P06873	384
P06881	128
P06935	3430
P06961	412
P06987	355
P06988	434
P07003	572
P07098	398
P07099	455
P07101	528
P07112	709
P07140	649
P07141	552
P07147	537
P07148	127
P07154	334
P07195	334
P07202	933
P07203	203
P07205	417
P07237	508
P07254	563
P07265	584
P07267	405
P07288	261
P07293	1873
P07305	194
P07306	291
P07308	358
P07314	568
P07327	375
P07332	822
P07333	972
P07335	381
P07339	412
P07342	687
P07355	339
P07374	840
P07378	440
P07379	622
P07382	520
P07384	714
P07437	444
P07445	131
P07451	260
P07477	247
P07478	247
P07498	182
P07510	517
P07550	413
P07583	135
P07602	524
P07607	307
P07639	362
P07648	1122
P07650	440
P07659	884
P07677	473
P07683	604
P07686	556
P07687	455
P07688	335
P07711	333
P07724	608
P07727	457
P07742	792
P07752	372
P07753	352
P07766	207
P07807	211
P07812	786
P07814	1512
P07824	323
P07846	354
P07858	339
P07861	750
P07862	306
P07872	661
P07896	722
P07900	732
P07901	733
P07910	306
P07942	1786
P07943	316
P07947	543
P07948	512
P07949	1114
P07992	297
P07998	156
P08001	415
P08004	1131
P08010	218
P08019	549
P08037	402
P08047	785
P08049	750
P08069	1367
P08104	1951
P08113	802
P08123	1366
P08134	193
P08138	427
P08151	1106
P08164	272
P08170	839
P08172	466
P08173	479
P08176	320
P08183	1280
P08185	405
P08191	300
P08192	422
P08219	456
P08220	474
P08235	984
P08236	651
P08237	780
P08238	724
P08243	561
P08246	267
P08253	660
P08254	477
P08263	222
P08289	524
P08294	240
P08311	255
P08319	380
P08373	342
P08394	1180
P08397	361
P08413	542
P08419	269
P08424	402
P08473	750
P08476	426
P08482	460
P08483	589
P08485	478
P08487	1291
P08503	421
P08506	400
P08514	1039
P08538	468
P08543	1137
P08546	1242
P08571	375
P08572	1712
P08575	1306
P08581	1390
P08587	690
P08588	477
P08590	195
P08592	770
P08603	1231
P08620	206
P08631	526
P08637	254
P08648	1049
P08659	550
P08670	466
P08679	460
P08683	500
P08684	503
P08686	494
P08689	403
P08703	331
P08709	466
P08750	443
P08754	354
P08833	259
P08842	583
P08865	295
P08887	468
P08908	422
P08909	460
P08911	531
P08912	532
P08913	450
P08922	2347
P08962	238
P08987	1476
P09038	288
P09057	461
P09086	479
P09172	617
P09210	222
P09211	210
P09215	673
P09216	737
P09217	592
P09219	502
P09237	267
P09238	476
P09242	524
P09250	341
P09252	1194
P09321	221
P09367	363
P09372	197
P09382	135
P09417	244
P09429	215
P09467	338
P09470	1312
P09471	354
P09478	567
P09482	622
P09483	630
P09487	524
P09488	218
P09544	360
P09581	977
P09598	283
P09601	288
P09603	554
P09610	887
P09616	319
P09619	1106
P09623	509
P09626	1033
P09651	372
P09660	494
P09668	335
P09681	153
P09690	501
P09693	182
P09758	323
P09768	234
P09769	529
P09790	1532
P09810	444
P09811	850
P09848	1927
P09870	526
P09871	688
P09874	1014
P09884	1462
P09917	674
P09923	528
P09936	223
P09955	416
P09958	794
P09960	611
P0A017	159
P0A031	390
P0A070	191
P0A091	449
P0A0B1	585
P0A0I7	238
P0A0J7	388
P0A0K8	644
P0A1P6	469
P0A1V9	275
P0A2Y6	388
P0A3M1	286
P0A3M4	274
P0A3M5	680
P0A4A3	123
P0A4L9	648
P0A6A8	78
P0A6B4	359
P0A6C1	285
P0A6D3	427
P0A6G7	207
P0A6I3	316
P0A6K3	169
P0A6L2	292
P0A6R0	317
P0A6W3	360
P0A6X1	418
P0A707	180
P0A720	213
P0A725	305
P0A749	419
P0A752	213
P0A7G6	353
P0A7M2	78
P0A7T7	75
P0A7Y4	155
P0A7Z4	329
P0A800	91
P0A877	268
P0A879	397
P0A884	264
P0A8F0	208
P0A8T7	1407
P0A8V2	1342
P0A953	406
P0A988	366
P0A9A6	383
P0A9C5	469
P0A9J4	303
P0A9J6	309
P0A9J8	386
P0A9M5	152
P0A9P4	321
P0AB71	359
P0AB98	271
P0ABF8	182
P0ABH0	420
P0ABQ4	159
P0AC13	282
P0AC30	352
P0ACB2	324
P0ACC3	114
P0ACC7	456
P0AD57	323
P0AD63	286
P0AD64	286
P0AD65	633
P0AD68	588
P0ADG7	488
P0AE18	264
P0AE70	111
P0AEB2	403
P0AEE8	278
P0AEG4	208
P0AEJ2	391
P0AEK4	262
P0AES4	875
P0AES6	804
P0AEY8	410
P0AF12	232
P0AF14	232
P0AF67	153
P0AFI2	752
P0AFZ5	169
P0AG20	744
P0AGL2	129
P0C0E6	341
P0C0J0	398
P0C0L6	372
P0C0P6	89
P0C0X1	284
P0C1P9	1435
P0C1R8	321
P0C1S0	147
P0C1S7	663
P0C1S8	567
P0C1U8	336
P0C1U9	800
P0C264	359
P0C2J9	471
P0C559	675
P0C5S6	849
P0C6E9	781
P0C6U6	4060
P0C6U8	4382
P0C6X7	7073
P0C731	429
P0C7A1	728
P0C7A3	435
P0C869	781
P0CG29	244
P0CO23	202
P0CP75	637
P0CS13	317
P0CS83	398
P0CT06	547
P0CX82	189
P0CY26	391
P0CY28	398
P0CY54	314
P0DB00	324
P0DG02	828
P0DG04	650
P0DG06	819
P0DJD9	388
P0DM80	487
P0DMM9	295
P0DMN7	334
P0DMS8	318
P0DMS9	266
P0DMV8	641
P0DMV9	641
P0DOF8	97
P0DOF9	469
P0DP23	149
P0DP26	149
P0DPD6	811
P10063	451
P10064	492
P10070	1586
P10092	127
P10098	81
P10111	164
P10144	247
P10145	99
P10153	161
P10173	466
P10185	224
P10210	635
P10211	904
P10228	511
P10236	1058
P10253	952
P10274	651
P10275	920
P10276	462
P10323	421
P10378	536
P10384	446
P10398	606
P10415	239
P10417	236
P10443	1160
P10451	314
P10481	382
P10482	455
P10499	495
P10520	440
P10584	327
P10586	1907
P10588	404
P10589	423
P10591	642
P10599	105
P10600	412
P10605	339
P10608	418
P10611	510
P10613	528
P10619	480
P10620	155
P10630	407
P10632	490
P10633	504
P10634	500
P10635	497
P10636	758
P10646	304
P10649	218
P10686	1290
P10688	756
P10696	532
P10719	529
P10721	976
P10724	388
P10746	265
P10747	220
P10760	432
P10768	282
P10809	573
P10810	366
P10826	455
P10827	490
P10828	461
P10844	1291
P10860	558
P10875	449
P10912	638
P10916	166
P10938	283
P10950	345
P10980	466
P10997	89
P11021	654
P11047	1609
P11049	281
P11064	158
P11086	282
P11103	1013
P11137	1827
P11142	646
P11144	681
P11150	499
P11151	478
P11152	474
P11157	390
P11166	492
P11167	492
P11168	524
P11169	496
P11172	480
P11214	559
P11215	1152
P11216	843
P11217	842
P11226	248
P11229	460
P11230	501
P11233	206
P11234	206
P11245	290
P11247	718
P11274	1271
P11275	478
P11308	486
P11309	313
P11344	533
P11348	241
P11362	822
P11387	765
P11388	1531
P11402	257
P11411	486
P11412	505
P11413	515
P11416	462
P11440	297
P11444	359
P11473	427
P11474	423
P11497	2345
P11500	47
P11507	1043
P11509	494
P11511	503
P11541	859
P11586	935
P11597	493
P11678	715
P11707	501
P11708	334
P11711	492
P11712	490
P11715	507
P11716	5037
P11717	2491
P11730	527
P11766	374
P11797	499
P11799	1906
P11802	303
P11836	297
P11838	419
P11880	452
P11884	519
P11926	461
P11940	636
P11974	531
P11980	531
P12004	261
P12081	509
P12104	132
P12107	1806
P12109	1028
P12110	1019
P12111	3177
P12259	2224
P12268	514
P12272	177
P12276	2512
P12277	381
P12287	601
P12314	374
P12318	317
P12319	257
P12337	565
P12389	511
P12390	500
P12391	464
P12392	495
P12461	315
P12527	673
P12530	663
P12544	262
P12614	459
P12643	396
P12644	408
P12657	460
P12709	554
P12746	250
P12785	2505
P12791	500
P12807	692
P12813	601
P12821	1306
P12822	1310
P12823	3388
P12824	743
P12829	197
P12830	882
P12883	1935
P12928	574
P12931	536
P12938	500
P12955	493
P13051	313
P13053	423
P13056	603
P13100	297
P13159	343
P13214	319
P13267	1437
P13385	188
P13423	764
P13444	397
P13470	1455
P13497	986
P13500	99
P13501	91
P13504	576
P13516	355
P13533	1939
P13569	1480
P13591	858
P13601	501
P13612	1032
P13631	454
P13637	1013
P13639	858
P13661	276
P13674	534
P13697	572
P13707	349
P13716	330
P13721	403
P13726	295
P13738	388
P13760	266
P13761	266
P13762	266
P13798	732
P13807	737
P13864	1620
P13866	664
P13922	608
P13942	1736
P13945	408
P13956	244
P13995	350
P14060	373
P14061	328
P14091	396
P14099	921
P14100	530
P14137	526
P14142	509
P14151	372
P14152	334
P14174	115
P14206	295
P14207	255
P14210	728
P14222	555
P14234	517
P14270	803
P14324	419
P14384	443
P14410	1827
P14415	290
P14416	443
P14422	68
P14423	146
P14488	256
P14489	266
P14550	325
P14555	144
P14598	390
P14600	407
P14604	290
P14616	1297
P14618	531
P14625	803
P14635	433
P14644	536
P14646	736
P14672	509
P14677	750
P14679	529
P14735	1019
P14740	767
P14743	455
P14756	498
P14769	368
P14778	569
P14780	707
P14784	551
P14842	471
P14859	743
P14867	456
P14900	438
P14901	289
P14902	403
P14904	514
P14916	238
P14920	347
P14925	976
P14927	111
P15038	684
P15056	766
P15085	419
P15086	417
P15088	417
P15090	132
P15101	610
P15104	373
P15108	705
P15121	316
P15122	316
P15127	1383
P15144	967
P15145	963
P15149	492
P15150	503
P15153	192
P15169	458
P15196	398
P15205	2461
P15207	902
P15208	1372
P15248	144
P15260	489
P15273	468
P15289	507
P15291	398
P15304	1068
P15309	386
P15311	586
P15313	513
P15319	239
P15328	257
P15348	1447
P15374	230
P15379	778
P15381	2171
P15382	129
P15384	525
P15385	655
P15387	857
P15389	2019
P15390	1840
P15391	556
P15393	499
P15396	874
P15428	266
P15431	474
P15445	119
P15474	157
P15494	160
P15498	845
P15502	786
P15509	400
P15514	252
P15531	152
P15538	503
P15539	500
P15555	406
P15559	274
P15589	577
P15650	430
P15651	412
P15682	498
P15684	965
P15692	232
P15709	284
P15735	406
P15791	533
P15813	335
P15822	2718
P15823	515
P15840	386
P15848	533
P15884	667
P15907	406
P15917	809
P15941	1255
P15944	275
P15999	553
P16050	662
P16054	737
P16056	1379
P16066	1061
P16070	742
P16083	231
P16092	822
P16098	535
P16109	830
P16110	264
P16116	315
P16118	471
P16140	517
P16152	277
P16154	2710
P16177	452
P16184	206
P16190	365
P16220	341
P16232	288
P16233	465
P16234	1089
P16235	700
P16257	169
P16277	499
P16278	677
P16298	524
P16305	453
P16311	321
P16333	377
P16388	495
P16389	499
P16390	528
P16395	805
P16410	223
P16422	314
P16435	677
P16442	354
P16444	411
P16453	656
P16455	207
P16469	663
P16471	622
P16473	764
P16497	606
P16499	860
P16519	638
P16581	610
P16586	855
P16591	822
P16610	390
P16615	1042
P16617	417
P16638	1100
P16662	529
P16671	472
P16675	474
P16724	850
P16732	674
P16753	708
P16788	707
P16792	157
P16858	333
P16885	1265
P16897	288
P16926	367
P16949	149
P16951	487
P17050	411
P17066	643
P17105	459
P17157	305
P17164	462
P17174	413
P17181	557
P17252	672
P17256	395
P17289	491
P17301	1181
P17325	334
P17342	541
P17405	631
P17425	520
P17439	515
P17442	1178
P17443	355
P17516	323
P17538	263
P17568	137
P17597	670
P17599	706
P17612	351
P17643	537
P17644	576
P17655	700
P17658	529
P17706	415
P17707	334
P17708	333
P17712	465
P17735	454
P17752	444
P17787	502
P17811	312
P17813	658
P17861	261
P17865	382
P17927	2039
P17931	250
P17936	291
P17948	1338
P17952	491
P17980	439
P17988	291
P18031	435
P18054	663
P18063	394
P18065	325
P18084	799
P18088	593
P18089	450
P18090	466
P18113	461
P18125	503
P18130	466
P18146	543
P18177	2366
P18265	483
P18266	420
P18292	617
P18298	395
P18337	372
P18405	259
P18417	352
P18433	802
P18434	290
P18440	290
P18493	1016
P18505	474
P18506	449
P18507	467
P18508	466
P18509	176
P18539	376
P18545	87
P18564	788
P18598	294
P18653	724
P18654	740
P18669	254
P18762	418
P18825	462
P18827	310
P18841	515
P18846	271
P18858	919
P18870	314
P18871	450
P18886	658
P18894	345
P18901	446
P18911	458
P18915	319
P19020	446
P19021	973
P19022	906
P19091	899
P19096	2504
P19099	503
P19111	533
P19112	363
P19120	650
P19139	391
P19145	602
P19156	1034
P19174	1290
P19205	732
P19217	295
P19221	618
P19224	532
P19235	508
P19256	250
P19320	739
P19324	417
P19327	422
P19328	453
P19332	752
P19357	509
P19367	917
P19404	249
P19419	428
P19429	210
P19438	455
P19440	569
P19468	637
P19490	907
P19491	883
P19492	888
P19493	902
P19525	551
P19550	847
P19602	611
P19621	26
P19623	302
P19634	815
P19643	520
P19652	201
P19754	1134
P19784	350
P19785	599
P19793	462
P19801	751
P19821	832
P19835	753
P19838	968
P19875	107
P19969	464
P19971	482
P19992	255
P20035	231
P20039	266
P20052	293
P20059	460
P20083	630
P20138	364
P20142	388
P20151	261
P20153	508
P20236	493
P20237	555
P20248	432
P20264	500
P20265	443
P20272	473
P20273	847
P20288	444
P20291	161
P20292	161
P20309	590
P20333	461
P20352	294
P20393	614
P20395	692
P20417	432
P20420	452
P20444	672
P20456	277
P20536	218
P20594	1047
P20618	241
P20645	277
P20648	1035
P20701	1170
P20711	480
P20781	496
P20782	493
P20786	1088
P20789	424
P20794	623
P20813	491
P20814	490
P20815	502
P20831	889
P20839	514
P20852	494
P20908	1838
P20916	626
P20917	626
P20918	812
P20961	402
P21127	795
P21139	1040
P21146	689
P21217	361
P21236	245
P21266	225
P21275	408
P21281	511
P21396	526
P21397	527
P21398	527
P21439	1286
P21447	1276
P21450	427
P21451	442
P21452	398
P21453	382
P21462	350
P21554	472
P21555	382
P21556	342
P21567	494
P21575	864
P21583	273
P21588	576
P21589	574
P21643	406
P21673	171
P21675	1872
P21687	382
P21708	380
P21709	976
P21728	446
P21729	384
P21730	350
P21731	343
P21741	143
P21757	451
P21761	393
P21781	194
P21802	821
P21803	821
P21817	5038
P21836	614
P21860	1342
P21917	467
P21918	477
P21932	1144
P21964	271
P21980	687
P21981	686
P22001	575
P22002	2169
P22004	513
P22007	431
P22061	227
P22079	712
P22083	530
P22086	458
P22102	1010
P22118	795
P22141	198
P22188	495
P22199	981
P22223	829
P22234	425
P22273	462
P22281	533
P22300	475
P22301	178
P22303	614
P22307	547
P22309	533
P22310	534
P22314	1058
P22392	152
P22411	766
P22412	409
P22413	925
P22437	602
P22443	508
P22449	474
P22455	802
P22459	653
P22460	613
P22513	359
P22518	483
P22571	83
P22605	482
P22607	806
P22612	351
P22629	183
P22687	497
P22692	258
P22694	351
P22723	474
P22732	501
P22734	264
P22735	817
P22736	598
P22748	312
P22756	949
P22760	399
P22771	452
P22830	423
P22888	699
P22894	467
P22897	1456
P22906	192
P22909	450
P22933	449
P22935	138
P22939	299
P22985	1331
P23097	466
P23109	780
P23141	567
P23204	468
P23219	599
P23229	1130
P23280	308
P23284	216
P23291	538
P23298	683
P23316	776
P23336	394
P23385	1199
P23395	618
P23415	457
P23416	452
P23439	853
P23443	525
P23457	322
P23458	1154
P23467	1997
P23469	700
P23470	1445
P23492	289
P23510	183
P23526	432
P23528	166
P23570	328
P23574	465
P23576	451
P23588	611
P23687	710
P23711	315
P23724	241
P23739	1841
P23780	647
P23786	658
P23791	816
P23795	613
P23804	489
P23818	907
P23819	883
P23907	256
P23919	212
P23920	649
P23921	792
P23940	213
P23944	561
P23945	695
P23946	247
P23975	617
P23977	619
P23978	599
P23979	487
P24008	259
P24043	3122
P24046	479
P24053	390
P24062	1370
P24063	1163
P24095	864
P24135	1265
P24158	256
P24171	681
P24226	469
P24228	477
P24298	496
P24347	488
P24385	295
P24387	322
P24394	825
P24433	528
P24460	494
P24462	503
P24463	503
P24468	414
P24470	494
P24524	464
P24527	611
P24530	442
P24547	514
P24557	533
P24592	240
P24593	272
P24627	708
P24666	158
P24723	683
P24735	397
P24740	1428
P24752	427
P24821	2201
P24822	559
P24823	529
P24855	282
P24863	283
P24864	410
P24928	1970
P24941	298
P24942	543
P24964	379
P25021	359
P25023	396
P25024	350
P25025	360
P25044	335
P25051	343
P25084	239
P25085	178
P25090	351
P25092	1073
P25094	160
P25095	359
P25098	689
P25099	326
P25100	572
P25101	427
P25102	358
P25103	407
P25104	359
P25105	342
P25106	362
P25108	457
P25109	501
P25110	517
P25115	475
P25116	425
P25122	585
P25162	519
P25376	633
P25391	3075
P25409	496
P25440	801
P25462	423
P25705	553
P25708	464
P25774	331
P25779	467
P25786	263
P25787	234
P25788	255
P25789	261
P25791	158
P25799	971
P25805	569
P25910	249
P25911	512
P25929	384
P25931	464
P25940	1745
P25942	277
P25961	591
P25962	400
P25963	317
P25975	334
P26006	1051
P26010	798
P26011	806
P26012	769
P26019	1488
P26040	586
P26045	913
P26048	451
P26049	492
P26255	400
P26262	638
P26281	159
P26284	390
P26294	474
P26358	1616
P26431	820
P26432	832
P26433	831
P26435	362
P26439	372
P26447	101
P26450	724
P26535	524
P26572	445
P26595	412
P26599	531
P26616	565
P26618	1089
P26637	1090
P26639	723
P26640	1264
P26647	245
P26662	3010
P26663	3010
P26664	3011
P26684	426
P26769	1090
P26770	1064
P26818	688
P26824	432
P26842	260
P26918	254
P26927	711
P26951	378
P26993	278
P27008	1014
P27028	705
P27034	818
P27037	513
P27116	707
P27117	461
P27139	260
P27144	223
P27158	121
P27169	355
P27189	1061
P27338	520
P27348	245
P27361	379
P27435	273
P27448	753
P27467	352
P27471	223
P27487	766
P27540	789
P27596	128
P27652	311
P27681	467
P27694	616
P27695	318
P27707	260
P27708	2225
P27732	2203
P27791	351
P27815	886
P27824	592
P27867	357
P27881	917
P27922	693
P27926	924
P27958	3011
P27986	724
P27987	946
P28028	804
P28037	902
P28062	276
P28063	276
P28065	219
P28066	241
P28070	264
P28072	239
P28074	263
P28076	219
P28088	441
P28161	218
P28190	326
P28221	377
P28222	390
P28223	471
P28272	314
P28293	261
P28300	417
P28305	269
P28307	151
P28327	561
P28329	748
P28331	727
P28332	368
P28334	386
P28335	458
P28336	390
P28340	1107
P28471	552
P28472	473
P28473	467
P28476	465
P28482	360
P28494	1148
P28523	332
P28562	367
P28563	367
P28564	386
P28565	374
P28566	365
P28570	635
P28571	692
P28572	638
P28593	492
P28646	391
P28647	320
P28700	467
P28702	533
P28704	520
P28705	463
P28715	1186
P28720	386
P28776	407
P28827	1452
P28838	519
P28839	36
P28843	760
P28845	292
P28857	1012
P28867	674
P28873	564
P28907	300
P28908	595
P29009	42
P29029	562
P29030	504
P29070	917
P29074	926
P29089	359
P29120	753
P29122	969
P29144	1249
P29172	448
P29218	277
P29274	412
P29275	332
P29276	332
P29279	349
P29317	976
P29319	983
P29320	983
P29322	1005
P29323	1055
P29338	217
P29350	595
P29352	802
P29353	583
P29371	465
P29372	298
P29373	138
P29374	1257
P29375	1690
P29376	864
P29400	1685
P29401	623
P29410	239
P29411	227
P29452	402
P29459	219
P29460	328
P29465	1165
P29466	404
P29473	1205
P29474	1203
P29475	1434
P29476	1429
P29477	1144
P29514	449
P29562	398
P29597	1187
P29598	432
P29599	269
P29678	393
P29702	375
P29703	316
P29704	444
P29754	359
P29758	439
P29762	137
P29804	389
P29853	1006
P29952	429
P29965	261
P29990	3391
P29994	2750
P30014	215
P30038	563
P30044	214
P30082	485
P30083	459
P30085	196
P30098	440
P30099	510
P30122	597
P30124	398
P30191	453
P30203	668
P30204	458
P30277	423
P30279	289
P30281	292
P30285	303
P30291	646
P30304	524
P30305	580
P30306	576
P30307	473
P30313	831
P30349	610
P30355	161
P30405	207
P30411	391
P30418	451
P30419	496
P30518	371
P30519	316
P30520	456
P30530	894
P30531	599
P30532	468
P30536	169
P30542	326
P30543	410
P30545	450
P30546	491
P30547	407
P30548	407
P30549	384
P30550	384
P30551	444
P30552	453
P30553	452
P30555	359
P30556	359
P30557	365
P30559	389
P30560	424
P30561	848
P30572	1009
P30573	1213
P30613	574
P30635	503
P30648	197
P30656	287
P30680	369
P30711	240
P30728	446
P30729	387
P30809	109
P30810	63
P30837	517
P30838	453
P30872	391
P30873	391
P30874	369
P30875	369
P30897	298
P30926	498
P30935	428
P30936	428
P30937	384
P30938	363
P30939	366
P30940	366
P30947	726
P30950	324
P30966	357
P30968	328
P30969	327
P30987	341
P30988	508
P30989	418
P30992	352
P30993	351
P30994	479
P30996	1274
P31016	724
P31040	664
P31074	159
P31113	233
P31152	587
P31153	395
P31210	326
P31213	254
P31214	254
P31224	1049
P31228	341
P31322	418
P31327	1500
P31350	389
P31358	61
P31388	436
P31389	488
P31390	486
P31391	388
P31396	487
P31401	494
P31408	511
P31421	872
P31422	879
P31423	912
P31424	1203
P31482	146
P31512	558
P31513	532
P31596	573
P31639	672
P31641	620
P31644	462
P31645	630
P31646	602
P31647	627
P31648	599
P31649	602
P31650	627
P31651	614
P31652	630
P31689	397
P31748	501
P31749	480
P31750	480
P31751	481
P31785	369
P31853	222
P31873	400
P31938	393
P31939	592
P31941	199
P31943	449
P31944	242
P31946	246
P31947	248
P32189	559
P32198	773
P32211	479
P32214	516
P32215	523
P32238	428
P32239	447
P32240	513
P32241	457
P32244	323
P32245	332
P32246	355
P32247	399
P32248	378
P32249	361
P32297	505
P32298	578
P32300	372
P32301	463
P32302	372
P32304	448
P32305	448
P32307	370
P32320	146
P32321	178
P32352	222
P32358	579
P32397	470
P32418	973
P32476	496
P32577	450
P32584	239
P32738	640
P32745	418
P32754	393
P32755	393
P32842	164
P32871	1068
P32881	189
P32897	222
P32927	897
P32942	547
P32970	193
P33032	325
P33033	323
P33176	963
P33242	462
P33247	631
P33260	490
P33261	490
P33274	524
P33302	1511
P33316	252
P33402	732
P33434	662
P33435	472
P33436	662
P33437	330
P33469	448
P33527	1531
P33533	372
P33534	380
P33535	398
P33609	1465
P33681	288
P33766	364
P33883	201
P33905	234
P33908	653
P33981	857
P34021	878
P34152	1090
P34158	1476
P34707	623
P34884	115
P34896	483
P34903	492
P34913	555
P34914	554
P34927	284
P34947	590
P34948	441
P34949	423
P34960	473
P34968	459
P34969	479
P34970	328
P34971	466
P34972	360
P34975	380
P34976	359
P34978	341
P34980	365
P34981	398
P34995	402
P34998	444
P35030	304
P35218	305
P35222	781
P35225	146
P35228	1153
P35234	369
P35235	597
P35236	360
P35247	375
P35270	261
P35318	185
P35327	250
P35329	862
P35342	317
P35344	358
P35345	325
P35346	364
P35347	415
P35348	466
P35349	871
P35351	363
P35353	415
P35354	604
P35355	604
P35363	471
P35364	357
P35365	370
P35367	487
P35368	520
P35370	367
P35372	400
P35375	405
P35377	367
P35383	373
P35384	1085
P35396	440
P35398	523
P35400	915
P35406	363
P35408	488
P35411	354
P35414	380
P35428	282
P35436	1464
P35438	938
P35439	938
P35462	400
P35463	443
P35465	544
P35498	2009
P35499	1836
P35503	534
P35520	551
P35546	1115
P35557	465
P35558	622
P35560	391
P35561	428
P35563	483
P35570	1235
P35573	1532
P35574	1555
P35575	357
P35579	1960
P35590	1138
P35610	550
P35613	385
P35626	688
P35638	169
P35639	168
P35695	266
P35710	763
P35739	799
P35747	607
P35750	714
P35790	457
P35813	382
P35821	432
P35846	255
P35869	848
P35913	854
P35916	1363
P35918	1367
P35961	843
P35968	1356
P35969	1333
P35991	659
P35998	433
P36107	401
P36196	767
P36400	443
P36506	400
P36507	400
P36537	528
P36544	502
P36551	454
P36633	746
P36639	197
P36836	707
P36873	323
P36888	993
P36894	532
P36896	505
P36897	503
P36906	500
P36941	435
P37023	503
P37058	310
P37059	387
P37088	669
P37136	614
P37173	567
P37230	468
P37231	505
P37238	505
P37268	417
P37285	560
P37288	418
P37289	362
P37298	181
P37340	457
P37747	367
P37840	140
P38024	426
P38169	460
P38260	290
P38398	1863
P38433	620
P38435	758
P38484	337
P38489	217
P38532	525
P38571	399
P38604	731
P38605	759
P38650	4644
P38889	622
P38918	327
P38936	164
P39040	491
P39045	538
P39050	491
P39051	492
P39052	870
P39059	1388
P39060	1754
P39069	194
P39073	555
P39086	918
P39654	663
P39655	663
P39656	456
P39688	537
P39748	380
P39877	138
P39898	452
P39900	470
P40136	800
P40145	1251
P40146	1248
P40189	918
P40220	137
P40225	353
P40231	332
P40238	635
P40259	229
P40261	264
P40306	273
P40313	264
P40337	213
P40347	161
P40394	386
P40495	371
P40750	624
P40763	770
P40818	1118
P40881	247
P40925	334
P40926	338
P40933	162
P40935	295
P40963	338
P40967	661
P40989	1895
P41001	1398
P41052	361
P41134	155
P41143	372
P41144	380
P41145	380
P41146	370
P41148	804
P41149	325
P41180	1078
P41212	452
P41217	278
P41222	190
P41226	1012
P41229	1560
P41231	377
P41232	374
P41233	2261
P41235	474
P41240	450
P41245	730
P41252	1262
P41279	467
P41361	465
P41378	414
P41440	591
P41516	1526
P41586	468
P41587	438
P41593	591
P41594	1212
P41595	481
P41597	374
P41738	853
P41743	596
P41921	483
P41948	499
P41968	323
P41972	917
P42081	329
P42123	334
P42124	760
P42224	750
P42225	749
P42226	847
P42227	770
P42229	794
P42230	793
P42260	908
P42261	906
P42262	883
P42263	894
P42264	919
P42330	323
P42336	1068
P42337	1068
P42338	1070
P42345	2549
P42346	2549
P42356	2102
P42357	657
P42512	720
P42568	568
P42573	503
P42574	277
P42575	452
P42677	84
P42679	507
P42680	631
P42681	527
P42684	1182
P42685	505
P42785	496
P42858	3142
P42859	3119
P42866	398
P42891	754
P42892	770
P42893	762
P42971	668
P43003	542
P43004	574
P43005	524
P43057	1097
P43071	1501
P43088	359
P43093	417
P43094	418
P43095	418
P43114	488
P43115	390
P43116	358
P43117	366
P43119	386
P43121	646
P43140	466
P43143	493
P43144	479
P43153	1104
P43155	626
P43166	264
P43219	455
P43220	463
P43235	329
P43236	329
P43245	1277
P43249	590
P43250	576
P43253	416
P43304	727
P43316	213
P43346	260
P43351	418
P43353	468
P43354	598
P43367	324
P43378	593
P43403	619
P43404	618
P43405	635
P43406	1044
P43428	357
P43432	335
P43489	277
P43490	491
P43568	368
P43626	348
P43627	348
P43628	341
P43657	344
P43681	627
P43686	418
P43694	442
P43711	316
P43819	329
P43828	682
P43870	300
P44514	377
P45040	316
P45352	307
P45376	316
P45378	269
P45379	298
P45452	471
P45568	398
P45578	171
P45845	249
P45877	212
P45880	294
P45953	655
P45973	191
P45974	858
P45975	635
P45983	427
P45984	424
P45985	399
P46002	341
P46019	1235
P46020	1223
P46059	708
P46063	649
P46092	362
P46093	362
P46095	362
P46098	478
P46108	304
P46154	399
P46193	346
P46197	1047
P46225	298
P46406	333
P46426	208
P46439	218
P46459	744
P46510	330
P46531	2555
P46541	288
P46549	982
P46587	645
P46598	707
P46616	409
P46636	386
P46663	353
P46720	670
P46721	670
P46734	347
P46821	2468
P46863	1066
P46925	453
P46934	1319
P46943	645
P46952	286
P46953	286
P47154	453
P47196	480
P47199	331
P47204	394
P47205	303
P47211	349
P47712	749
P47713	748
P47743	908
P47745	326
P47746	473
P47747	359
P47748	370
P47752	352
P47775	334
P47791	500
P47806	1111
P47809	397
P47811	360
P47820	1313
P47824	399
P47866	411
P47869	451
P47870	512
P47871	477
P47872	440
P47895	512
P47897	775
P47898	357
P47900	373
P47901	424
P47929	136
P47936	347
P47989	1333
P48016	1211
P48023	281
P48026	171
P48032	211
P48039	350
P48044	370
P48048	391
P48050	445
P48051	423
P48056	614
P48058	902
P48061	93
P48065	614
P48066	632
P48067	706
P48145	328
P48147	710
P48163	572
P48167	497
P48169	554
P48281	422
P48302	442
P48303	383
P48357	1165
P48371	916
P48372	923
P48374	768
P48426	406
P48442	1079
P48443	463
P48448	385
P48449	732
P48450	733
P48500	249
P48506	637
P48544	419
P48546	466
P48547	511
P48548	419
P48549	501
P48551	515
P48556	350
P48729	337
P48730	415
P48735	452
P48736	1102
P48744	131
P48748	352
P48760	587
P48763	813
P48764	834
P48766	970
P48769	260
P48775	406
P48776	406
P48788	182
P48825	860
P48974	425
P48999	674
P49005	469
P49019	387
P49023	591
P49065	608
P49088	561
P49116	596
P49137	400
P49138	386
P49144	390
P49146	381
P49185	411
P49187	464
P49189	494
P49219	420
P49238	355
P49264	496
P49279	550
P49281	568
P49285	353
P49286	362
P49287	364
P49288	346
P49326	533
P49327	2511
P49331	1462
P49336	464
P49354	379
P49355	437
P49356	437
P49366	369
P49407	418
P49430	533
P49443	382
P49582	502
P49588	968
P49602	561
P49615	292
P49616	328
P49619	791
P49638	278
P49642	420
P49643	509
P49651	373
P49652	362
P49653	472
P49654	397
P49660	385
P49662	377
P49674	416
P49681	329
P49682	368
P49683	370
P49684	386
P49720	205
P49721	201
P49736	904
P49743	458
P49753	483
P49759	484
P49760	499
P49761	638
P49763	221
P49764	158
P49765	207
P49767	419
P49768	467
P49773	126
P49789	147
P49795	217
P49798	205
P49802	495
P49810	448
P49821	464
P49840	483
P49841	420
P49862	253
P49863	264
P49864	258
P49880	776
P49881	606
P49882	536
P49884	596
P49885	111
P49888	294
P49889	295
P49891	295
P49892	324
P49895	249
P49902	561
P49908	381
P49915	693
P49935	333
P49959	708
P49961	510
P50052	363
P50053	298
P50107	326
P50127	371
P50128	471
P50129	470
P50130	446
P50135	292
P50148	359
P50172	292
P50225	295
P50226	295
P50233	400
P50247	432
P50250	479
P50281	582
P50282	708
P50293	290
P50294	290
P50295	290
P50336	477
P50339	247
P50389	236
P50391	375
P50406	440
P50407	446
P50416	773
P50431	478
P50454	418
P50482	809
P50549	477
P50554	500
P50570	870
P50571	474
P50578	325
P50579	478
P50591	281
P50613	346
P50637	169
P50747	726
P50750	372
P50897	306
P50993	1020
P50997	1021
P51050	289
P51111	3110
P51114	621
P51136	467
P51141	695
P51144	384
P51151	201
P51160	858
P51164	291
P51168	640
P51170	649
P51178	756
P51436	387
P51448	523
P51449	518
P51450	516
P51451	505
P51452	185
P51511	669
P51512	607
P51531	1590
P51532	1647
P51538	503
P51557	284
P51570	392
P51574	710
P51575	399
P51576	399
P51577	388
P51578	455
P51579	389
P51580	245
P51582	365
P51589	502
P51608	486
P51617	712
P51635	325
P51639	887
P51647	501
P51649	535
P51656	344
P51657	344
P51658	381
P51659	736
P51660	735
P51661	386
P51665	324
P51671	97
P51673	139
P51675	355
P51677	355
P51678	359
P51679	360
P51680	360
P51681	352
P51682	354
P51683	373
P51684	374
P51685	355
P51686	369
P51691	536
P51692	787
P51787	676
P51788	898
P51790	818
P51812	740
P51813	675
P51817	358
P51828	1080
P51843	470
P51869	522
P51870	526
P51871	537
P51878	434
P51907	523
P51946	323
P51948	309
P51955	445
P51956	506
P51957	841
P51970	172
P51993	359
P52020	573
P52097	432
P52176	712
P52209	483
P52270	251
P52292	529
P52332	1153
P52333	1124
P52429	567
P52500	384
P52505	156
P52564	334
P52565	204
P52623	277
P52624	311
P52631	770
P52633	837
P52655	376
P52663	292
P52700	290
P52702	443
P52703	400
P52732	1056
P52757	468
P52788	366
P52789	917
P52790	923
P52792	465
P52895	323
P52902	397
P52904	359
P52961	327
P53041	499
P53051	589
P53323	261
P53341	584
P53350	603
P53355	1430
P53396	1101
P53420	1690
P53476	376
P53563	233
P53566	359
P53582	386
P53602	400
P53609	377
P53610	377
P53615	221
P53624	667
P53634	463
P53667	647
P53669	647
P53671	638
P53686	357
P53778	367
P53779	464
P53790	665
P53792	670
P53798	416
P53985	500
P53987	494
P54001	534
P54071	452
P54098	1239
P54131	499
P54132	1417
P54136	660
P54149	233
P54219	525
P54283	597
P54284	484
P54287	484
P54288	632
P54289	1103
P54290	1091
P54292	241
P54300	365
P54310	759
P54317	469
P54358	1092
P54577	528
P54578	494
P54616	258
P54619	331
P54645	559
P54646	552
P54652	639
P54687	386
P54690	411
P54697	2245
P54707	1039
P54709	279
P54710	66
P54748	844
P54750	535
P54753	998
P54756	1037
P54760	987
P54762	984
P54763	986
P54764	986
P54803	685
P54818	684
P54819	239
P54829	565
P54833	415
P54855	530
P54904	276
P54919	330
P55011	1212
P55017	1021
P55036	377
P55055	460
P55058	493
P55072	806
P55073	304
P55085	397
P55086	399
P55087	323
P55088	323
P55097	329
P55156	887
P55157	894
P55201	1214
P55210	303
P55211	416
P55212	293
P55213	277
P55263	362
P55268	1798
P55288	796
P55786	919
P55789	205
P55826	537
P55854	103
P55859	289
P55899	365
P55926	526
P56068	255
P56073	162
P56109	307
P56159	465
P56181	108
P56192	900
P56199	1179
P56218	295
P56221	172
P56282	527
P56373	397
P56389	146
P56450	332
P56470	323
P56481	453
P56483	355
P56484	353
P56489	460
P56524	1084
P56526	985
P56528	304
P56545	445
P56556	128
P56560	520
P56634	471
P56658	363
P56677	855
P56690	1043
P56696	695
P56703	355
P56704	352
P56718	416
P56719	460
P56726	793
P56740	121
P56817	501
P56818	501
P56819	501
P56856	261
P56937	341
P56950	487
P56965	285
P57058	714
P57059	783
P57078	832
P57771	180
P57789	538
P57791	329
P58154	229
P58295	799
P58307	416
P58308	460
P58406	445
P58681	1050
P58682	1032
P58735	704
P59071	121
P59264	122
P59536	307
P59538	309
P59551	318
P59676	750
P59722	338
P59768	71
P60033	236
P60041	116
P60174	286
P60323	173
P60422	273
P60484	403
P60487	292
P60546	207
P60568	153
P60709	375
P60763	192
P60842	406
P60843	406
P60880	206
P60881	206
P60891	318
P60896	70
P60900	246
P60953	191
P60955	291
P61073	352
P61075	288
P61076	617
P61088	152
P61160	394
P61168	444
P61169	444
P61244	160
P61278	116
P61316	203
P61431	307
P61586	193
P61793	364
P61794	364
P61809	307
P61812	414
P61813	352
P61814	352
P61823	150
P61956	95
P61964	334
P61981	247
P62136	330
P62139	330
P62157	149
P62191	440
P62195	406
P62258	255
P62330	175
P62331	175
P62333	389
P62343	524
P62344	524
P62493	216
P62508	458
P62509	458
P62593	286
P62615	283
P62617	159
P62744	142
P62745	196
P62753	249
P62805	103
P62812	455
P62813	455
P62820	205
P62826	216
P62834	184
P62873	340
P62877	108
P62894	105
P62937	165
P62942	108
P62955	275
P62965	137
P62993	217
P63000	192
P63001	192
P63027	116
P63073	217
P63079	473
P63080	473
P63085	358
P63086	358
P63092	394
P63096	354
P63138	474
P63146	152
P63151	447
P63158	215
P63165	101
P63251	501
P63252	427
P63279	158
P63316	161
P63319	697
P63640	264
P64602	97
P65502	189
P66936	644
P67774	309
P67775	309
P67777	309
P67778	272
P67827	325
P67868	215
P67870	215
P67871	215
P67874	215
P68104	462
P68106	108
P68331	338
P68363	451
P68366	448
P68370	451
P68371	445
P68399	391
P68400	391
P68402	229
P68403	671
P68563	177
P68795	313
P68825	183
P68826	183
P68849	352
P68871	147
P68890	100
P69228	240
P69328	640
P69332	354
P69346	83
P69447	81
P69560	353
P69834	302
P69905	142
P69996	569
P70032	598
P70172	348
P70174	488
P70180	536
P70245	230
P70263	357
P70269	397
P70288	488
P70313	1202
P70340	465
P70343	373
P70349	126
P70385	305
P70424	1256
P70453	456
P70470	230
P70496	1074
P70502	670
P70531	724
P70536	388
P70579	908
P70596	332
P70597	405
P70600	1009
P70604	580
P70605	732
P70606	536
P70618	360
P70619	424
P70623	132
P70627	752
P70658	359
P70673	390
P70677	277
P70699	953
P70712	464
P71716	565
P72197	1723
P72355	431
P72524	822
P72525	823
P76164	49
P76196	118
P76558	759
P77173	328
P77364	381
P77488	620
P78325	824
P78329	520
P78334	506
P78348	528
P78352	724
P78356	416
P78362	688
P78368	415
P78380	273
P78381	396
P78396	465
P78417	241
P78504	1218
P78508	379
P78527	4128
P78536	824
P78540	354
P78552	427
P78595	1499
P78600	575
P79074	403
P79098	965
P79134	673
P79208	603
P79218	384
P79227	464
P79248	174
P79266	454
P79291	228
P79350	401
P79394	352
P79399	150
P79400	291
P79483	266
P80025	712
P80035	398
P80041	486
P80067	462
P80098	99
P80147	500
P80192	1104
P80193	383
P80209	390
P80244	197
P80276	316
P80298	271
P80299	554
P80365	405
P80366	459
P80370	383
P80385	330
P80386	270
P80404	500
P80456	1334
P80457	1332
P80912	126
P81072	26
P81123	81
P81139	434
P81172	84
P81287	321
P81425	765
P81721	515
P81908	574
P83410	239
P83512	408
P83741	2377
P83858	433
P83916	185
P84022	425
P84025	425
P84058	421
P84077	181
P84078	181
P84085	180
P84903	685
P85973	289
P87066	448
P87108	93
P88142	876
P89449	637
P89582	95
P90518	719
P90584	324
P91730	432
P91764	595
P93836	445
P93841	401
P93846	492
P94451	555
P94958	379
P95029	3069
P95276	356
P96471	440
P96583	727
P96618	121
P96830	276
P96878	764
P96884	266
P97266	98
P97287	331
P97288	388
P97292	397
P97313	4128
P97321	761
P97391	137
P97449	966
P97454	465
P97477	395
P97494	637
P97504	651
P97520	352
P97521	301
P97535	456
P97570	807
P97571	713
P97583	337
P97584	329
P97612	579
P97629	1025
P97639	353
P97687	511
P97689	384
P97696	400
P97697	277
P97698	793
P97706	1702
P97714	562
P97717	514
P97718	466
P97772	1199
P97793	1621
P97813	933
P97819	807
P97821	462
P97823	230
P97852	735
P97879	1112
P97924	2959
P97926	388
P98073	1019
P98077	582
P98088	5654
P98105	549
P98106	768
P98139	444
P98140	612
P98170	497
P98174	961
P99999	105
P9WFK7	402
P9WFR9	263
P9WG47	838
P9WG57	250
P9WGR1	269
P9WGY9	1178
P9WH09	304
P9WH11	202
P9WH75	725
P9WHE9	160
P9WHH1	335
P9WHH3	459
P9WHH9	464
P9WHJ3	790
P9WHV7	307
P9WI55	162
P9WI73	750
P9WI75	476
P9WI81	626
P9WIA1	163
P9WIB9	199
P9WIC1	105
P9WIJ3	197
P9WIL5	309
P9WIQ1	399
P9WIS7	553
P9WJF1	461
P9WJM9	414
P9WJN3	303
P9WKD7	162
P9WKE1	214
P9WKG5	159
P9WKK7	428
P9WMC1	216
P9WMF9	217
P9WMN1	284
P9WMN3	495
P9WMR3	874
P9WMW7	359
P9WN95	379
P9WNG3	335
P9WNL9	1094
P9WNP5	314
P9WNS1	413
P9WNS3	638
P9WNV1	691
P9WNX1	161
P9WP01	268
P9WP15	151
P9WP25	300
P9WP31	373
P9WP55	310
P9WPJ7	163
P9WPJ9	207
P9WPN5	405
P9WPP1	433
P9WPP7	396
P9WPP9	451
P9WPS1	81
P9WPU5	486
P9WPU7	549
P9WPU9	305
P9WPV1	121
P9WPV3	446
P9WPV5	171
P9WPV7	250
P9WPX7	147
P9WQ17	701
P9WQ51	548
P9WQ59	580
P9WQ77	449
P9WQ81	437
P9WQA3	344
P9WQA9	386
P9WQD7	417
P9WQD9	416
P9WQG9	181
P9WQN9	340
P9WQP7	370
Q00024	568
Q00175	926
Q00194	690
Q00342	1000
Q00496	1251
Q00526	305
Q00532	358
Q00534	326
Q00535	292
Q00536	496
Q00537	523
Q00610	1675
Q00613	529
Q00651	1039
Q00653	900
Q00688	224
Q00690	612
Q00788	371
Q00796	357
Q007T0	280
Q00910	644
Q00959	1464
Q00960	1482
Q00961	1237
Q00975	2339
Q00987	491
Q01061	534
Q01062	928
Q01063	747
Q01064	536
Q01066	535
Q01094	437
Q01097	1482
Q01098	1239
Q01102	768
Q01118	1682
Q01158	548
Q01177	812
Q01237	887
Q01279	1210
Q01314	480
Q01320	1528
Q01337	458
Q01338	450
Q01344	420
Q01432	767
Q01433	879
Q01449	175
Q01453	160
Q01469	135
Q01538	1121
Q01558	331
Q01579	240
Q01583	1211
Q01650	507
Q01662	387
Q01668	2161
Q01693	504
Q01717	412
Q01718	297
Q01726	317
Q01727	315
Q01740	532
Q01776	327
Q01782	288
Q01812	956
Q01815	2139
Q01827	515
Q01853	806
Q01860	360
Q01955	1670
Q01957	315
Q01959	620
Q01970	1234
Q01974	943
Q01984	295
Q01986	393
Q01HZ7	428
Q02083	359
Q02108	690
Q02110	393
Q02111	707
Q02127	395
Q02152	479
Q02153	619
Q02156	737
Q02161	417
Q02218	1023
Q02224	2701
Q02241	960
Q02293	437
Q02294	2336
Q02318	531
Q02401	1928
Q02440	1829
Q02485	1850
Q02563	742
Q02641	598
Q02643	423
Q02644	464
Q02734	374
Q02742	428
Q02750	393
Q02759	663
Q02763	1124
Q02765	330
Q02768	376
Q02769	416
Q02779	954
Q02789	1880
Q02790	459
Q02844	273
Q02853	492
Q02858	1122
Q02880	1626
Q02928	519
Q03013	218
Q03059	641
Q03113	381
Q03114	292
Q03135	178
Q03137	986
Q03142	799
Q03147	346
Q03164	3969
Q03181	441
Q03282	100
Q03283	107
Q03284	30
Q03311	603
Q03330	439
Q03343	1166
Q03391	1323
Q03405	335
Q03431	593
Q03469	268
Q03521	324
Q03530	315
Q03721	635
Q03732	230
Q03933	536
Q03963	515
Q04206	551
Q04207	549
Q04400	1262
Q04468	505
Q04609	750
Q04631	377
Q04690	2841
Q04707	719
Q04721	2471
Q04750	767
Q04756	655
Q04759	706
Q04760	184
Q04771	509
Q04782	728
Q04796	290
Q04828	323
Q04844	493
Q04859	622
Q04912	1400
Q04917	246
Q04998	424
Q04IS7	264
Q05030	1097
Q05097	122
Q05117	327
Q05193	864
Q05209	780
Q05329	585
Q05343	467
Q05397	1052
Q05469	1076
Q05513	592
Q05523	452
Q05586	938
Q05639	463
Q05655	676
Q05754	620
Q05769	604
Q05823	741
Q05901	458
Q05921	735
Q05923	314
Q05932	587
Q05940	514
Q05941	502
Q05BA5	1403
Q05BQ5	628
Q05BR4	327
Q06000	474
Q06124	597
Q06187	659
Q06203	517
Q06210	699
Q06219	598
Q06241	202
Q06278	1338
Q06347	560
Q06418	890
Q06432	222
Q06486	415
Q06495	639
Q06518	1147
Q06520	285
Q06609	339
Q06643	244
Q06710	450
Q06806	1134
Q06830	199
Q06992	575
Q07001	517
Q07002	474
Q07010	210
Q07011	255
Q07014	512
Q07071	627
Q07075	957
Q07108	199
Q07263	495
Q07343	736
Q07422	610
Q07440	172
Q07523	353
Q07666	443
Q07785	288
Q07794	436
Q07806	822
Q07812	192
Q07813	192
Q07817	233
Q07820	350
Q07864	2286
Q07869	468
Q07889	1333
Q07912	1038
Q07953	250
Q07969	472
Q07973	514
Q08188	693
Q08201	1278
Q08209	521
Q08210	569
Q08257	329
Q08289	660
Q08291	297
Q08297	339
Q08334	325
Q08345	913
Q08351	625
Q08369	441
Q08431	387
Q08460	1209
Q08462	1091
Q08477	520
Q08493	712
Q08499	809
Q08642	673
Q08649	445
Q08722	323
Q08752	370
Q08775	607
Q08828	1119
Q08834	740
Q08857	472
Q08874	526
Q08881	620
Q08I33	239
Q09013	629
Q09028	425
Q09128	514
Q09137	552
Q09327	533
Q09328	741
Q09428	1581
Q09429	1582
Q09470	495
Q09472	2414
Q09GQ4	1521
Q09Q13	286
Q0GKD7	362
Q0GMK6	189
Q0H0G8	205
Q0H0G9	199
Q0H0H0	220
Q0P8E1	1186
Q0PJ46	316
Q0PJA6	501
Q0PXQ5	569
Q0SRB6	1171
Q0V8R6	529
Q0VC81	317
Q0VJU6	695
Q0VTR6	383
Q0VTR8	383
Q0VTS0	383
Q0WFN6	2035
Q0Z7S8	132
Q0ZAQ8	441
Q10283	1053
Q10469	447
Q10471	571
Q10905	298
Q11128	374
Q11130	342
Q11201	340
Q11203	375
Q11205	350
Q12051	335
Q12756	1690
Q12772	1141
Q12778	655
Q12791	1236
Q12794	435
Q12809	1159
Q12830	3046
Q12840	1032
Q12851	820
Q12852	859
Q12866	999
Q12879	1464
Q12882	1025
Q12884	760
Q12888	1972
Q12908	348
Q12913	1337
Q12923	2485
Q12931	704
Q12974	167
Q13002	908
Q13003	919
Q13018	1463
Q13043	487
Q13085	2346
Q13093	441
Q13107	963
Q13115	394
Q13118	480
Q13123	557
Q13126	283
Q13131	559
Q13133	447
Q13148	414
Q13153	545
Q13163	448
Q13164	816
Q13177	524
Q13183	592
Q13185	183
Q13188	491
Q13200	908
Q13224	1484
Q13231	466
Q13233	1512
Q13237	762
Q13255	1194
Q13258	359
Q13263	835
Q13285	461
Q13304	367
Q13310	644
Q13315	3056
Q13322	594
Q13324	411
Q13332	1948
Q13336	389
Q13342	867
Q13351	362
Q13363	440
Q13370	1112
Q13393	1074
Q13418	452
Q13421	630
Q13427	754
Q13435	895
Q13443	819
Q13444	863
Q13451	457
Q13464	1354
Q13467	585
Q13470	666
Q13477	382
Q13489	604
Q13490	618
Q13507	836
Q13509	450
Q13510	395
Q13523	1007
Q13526	163
Q13535	2644
Q13541	118
Q13546	671
Q13547	482
Q13554	666
Q13555	558
Q13557	499
Q13564	534
Q13572	414
Q13585	617
Q13586	685
Q13609	305
Q13619	759
Q13621	1099
Q13627	763
Q13639	388
Q13641	420
Q13698	1873
Q13702	412
Q13705	512
Q13724	837
Q13733	1029
Q13751	1172
Q13753	1193
Q13797	1035
Q13822	863
Q13873	1038
Q13882	451
Q13885	445
Q13887	457
Q13936	2221
Q13946	482
Q13951	182
Q13956	83
Q13972	1273
Q13976	671
Q14003	757
Q14004	1512
Q14012	370
Q14031	1691
Q14116	193
Q14117	519
Q14118	895
Q14123	709
Q14145	624
Q14164	716
Q14181	598
Q14191	1432
Q14242	412
Q14249	297
Q14289	1009
Q14330	331
Q14332	565
Q14376	348
Q14397	625
Q14416	872
Q14432	1141
Q14451	532
Q14469	280
Q14524	2016
Q14534	574
Q14541	408
Q14542	456
Q14571	2701
Q14573	2671
Q14626	422
Q14627	380
Q14642	412
Q14643	2758
Q14654	390
Q14680	651
Q14694	798
Q14697	944
Q14703	1052
Q14721	858
Q14722	419
Q14761	206
Q14781	532
Q14790	479
Q14807	665
Q14831	915
Q14832	879
Q14833	912
Q14916	467
Q14940	896
Q14956	572
Q14957	1233
Q14973	349
Q14974	876
Q14994	352
Q14995	579
Q14CN2	919
Q15004	111
Q15008	389
Q15022	739
Q15046	597
Q15047	1291
Q15054	466
Q15056	248
Q15058	1648
Q15059	726
Q15077	328
Q15078	307
Q15084	440
Q15102	231
Q15109	404
Q15116	288
Q15118	436
Q15119	407
Q15120	406
Q15125	230
Q15131	360
Q15139	912
Q15149	4684
Q15172	486
Q15185	160
Q15208	465
Q15256	657
Q15257	358
Q15291	538
Q15303	1308
Q15349	733
Q15369	112
Q15370	118
Q15375	998
Q15382	184
Q15389	498
Q15391	338
Q15392	516
Q15393	1217
Q15399	786
Q15406	480
Q15413	4870
Q15418	735
Q15465	462
Q15466	257
Q15569	626
Q15652	2540
Q15661	275
Q15678	1187
Q15717	326
Q15722	352
Q15743	365
Q15746	1914
Q15750	504
Q15758	541
Q15759	364
Q15761	445
Q15788	1441
Q15796	467
Q15822	529
Q15825	494
Q15831	433
Q15835	563
Q15842	424
Q15858	1988
Q15878	2313
Q15904	470
Q15910	746
Q15950	25
Q16099	956
Q16186	407
Q16198	76
Q16206	610
Q16236	605
Q16288	839
Q16322	511
Q16348	729
Q16363	1823
Q16445	453
Q16478	980
Q16512	942
Q16513	984
Q16518	533
Q16531	1140
Q16539	360
Q16543	378
Q16548	175
Q16549	785
Q16552	155
Q16558	191
Q16566	473
Q16570	336
Q16572	532
Q16576	425
Q16581	482
Q16584	847
Q16595	210
Q16602	461
Q16611	211
Q16620	822
Q16637	294
Q16644	382
Q16647	500
Q16651	343
Q16654	411
Q16659	721
Q16665	826
Q16678	543
Q16690	384
Q16696	494
Q16706	1144
Q16718	116
Q16719	465
Q16739	394
Q16760	1214
Q16769	361
Q16772	222
Q16773	422
Q16774	197
Q16775	308
Q16787	3333
Q16790	459
Q16795	377
Q16798	604
Q16816	387
Q16828	381
Q16831	310
Q16832	855
Q16850	503
Q16853	763
Q16854	277
Q16873	150
Q16875	520
Q16877	469
Q16881	649
Q17058	567
Q17066	300
Q17339	463
Q17RW2	1714
Q17SB2	448
Q182S6	88
Q183M1	803
Q183M8	719
Q18CF1	1238
Q18CF3	1161
Q18CI5	315
Q194T1	469
Q194T2	230
Q19564	334
Q197X6	646
Q1A7N1	1104
Q1CTD3	347
Q1HEC0	2455
Q1L4E8	322
Q1LK00	299
Q1R2J4	300
Q1W675	885
Q1ZY22	352
Q20MD3	469
Q20MD5	96
Q24498	5127
Q24982	1253
Q25270	43
Q25615	497
Q25634	351
Q25704	706
Q25856	736
Q25917	508
Q26966	642
Q27352	451
Q27546	315
Q27552	521
Q27677	629
Q27686	499
Q27713	587
Q27744	362
Q27757	545
Q27758	550
Q27793	521
Q27957	218
Q27963	517
Q27971	700
Q28017	444
Q28037	426
Q28039	638
Q28044	418
Q28067	191
Q28156	865
Q28204	1166
Q28263	861
Q28309	314
Q28524	418
Q28590	377
Q28642	367
Q28691	488
Q28705	130
Q28731	235
Q28838	452
Q28905	362
Q28969	1205
Q28997	418
Q28998	468
Q29010	427
Q29092	804
Q29451	999
Q29463	247
Q29473	500
Q29495	207
Q29550	566
Q29571	85
Q29974	266
Q29RK1	466
Q29RK2	1178
Q2A652	400
Q2AC31	361
Q2FD83	109
Q2FUW6	796
Q2FZQ3	256
Q2G036	195
Q2HPH0	67
Q2HXR2	247
Q2HY42	266
Q2KHZ8	536
Q2KIM0	468
Q2KJ64	322
Q2LAM0	372
Q2LFS1	449
Q2M1P5	1343
Q2M2H8	2515
Q2M2I8	961
Q2M385	716
Q2M3G0	1257
Q2MKA5	467
Q2MZF0	289
Q2NL51	490
Q2NL67	630
Q2NNR4	317
Q2NNR5	340
Q2PCB5	309
Q2PUH3	291
Q2Q167	126
Q2SWT6	236
Q2T1B6	293
Q2TA32	354
Q2TB90	917
Q2TJZ7	153
Q2TL65	633
Q2TR58	280
Q2TU57	221
Q2TXB7	844
Q2U7N3	909
Q2UY09	1125
Q2V0Q7	354
Q2V0Y6	288
Q2VKV7	1198
Q2WGM0	463
Q2XPY6	291
Q2XUH7	137
Q2XVA1	508
Q30134	266
Q30154	266
Q30167	266
Q31945	69
Q31FD6	315
Q32MK0	819
Q33BM1	306
Q36792	539
Q37001	470
Q38854	717
Q38860	506
Q388H8	446
Q389T8	492
Q38C41	471
Q38C91	773
Q38DI7	479
Q39829	18
Q39830	664
Q3B792	240
Q3B7M2	308
Q3BCU0	352
Q3HTL5	241
Q3I4V7	239
Q3KVM1	555
Q3S5C3	105
Q3SAW3	283
Q3SYC2	334
Q3SZX4	260
Q3T905	429
Q3THK7	693
Q3TR36	388
Q3TRM4	1355
Q3U3Q1	472
Q3U507	335
Q3U6B2	357
Q3U7R1	1092
Q3UEI1	686
Q3UES3	1166
Q3UFD7	319
Q3UFF7	239
Q3ULW8	533
Q3UP87	265
Q3UQU0	596
Q3UR32	397
Q3UUQ7	922
Q3UVX5	1203
Q3UWM4	940
Q3UXZ9	1690
Q3V4E6	109
Q3V4F7	109
Q3V4I7	155
Q3Y5H1	307
Q3Y6Q3	266
Q3ZAV1	553
Q3ZCJ8	463
Q3ZCM7	444
Q3ZDS5	152
Q3ZKN1	330
Q40010	498
Q41768	638
Q41769	638
Q42656	378
Q42840	391
Q42950	356
Q43014	531
Q43054	505
Q43077	674
Q43191	862
Q43445	367
Q43570	234
Q43760	355
Q44079	254
Q44238	517
Q45614	611
Q460N3	678
Q460N5	1801
Q46991	292
Q47066	291
Q47245	875
Q47511	344
Q47764	182
Q48255	167
Q48435	381
Q48935	341
Q495T6	779
Q499N1	459
Q49PX0	117
Q4ACT8	745
Q4CXF7	404
Q4CXJ6	296
Q4DI50	340
Q4E657	485
Q4F6N3	266
Q4FZB7	885
Q4FZV0	881
Q4FZY2	330
Q4FZZ1	580
Q4G017	1502
Q4GY26	269
Q4GZG4	440
Q4J6C6	727
Q4JEY0	489
Q4JIM5	1182
Q4L144	425
Q4Q090	553
Q4Q5S8	421
Q4Q5W4	414
Q4QBL1	362
Q4QE15	355
Q4QKG6	625
Q4QQW4	482
Q4QR99	403
Q4QXU5	329
Q4QYD9	791
Q4R6F8	535
Q4TVR4	286
Q4U254	401
Q4U2R8	563
Q4U2W2	1885
Q4U3Q4	505
Q4VCS5	1084
Q4VQ11	326
Q4W6C8	384
Q4W6D0	565
Q4WAW7	464
Q4WLT4	1904
Q4WNT5	515
Q50565	176
Q50575	186
Q50H31	268
Q51504	579
Q51505	565
Q51559	295
Q51816	1704
Q52KJ8	116
Q52WX2	424
Q533H1	374
Q53653	933
Q53685	430
Q53707	668
Q53724	727
Q53725	744
Q53729	716
Q53781	240
Q53EL6	469
Q53GD3	710
Q53GL7	1025
Q53GQ0	312
Q53H12	422
Q53H47	684
Q53I59	924
Q53TY8	381
Q54089	739
Q54618	479
Q54873	1066
Q54A96	569
Q55663	394
Q56950	525
Q56D22	140
Q56D28	391
Q56UN5	1328
Q56WF8	510
Q571F8	602
Q57TT1	430
Q581W1	369
Q582G3	527
Q587A7	370
Q58D13	604
Q58D55	653
Q58DH9	411
Q58F21	947
Q58FF3	399
Q58HT5	328
Q59118	684
Q59388	477
Q59401	384
Q59487	168
Q59514	313
Q59556	854
Q59643	337
Q59750	755
Q59961	647
Q59H18	835
Q5A7N4	207
Q5ABU7	564
Q5AJ71	281
Q5BJR8	463
Q5D1F0	691
Q5D7U5	391
Q5DUB1	407
Q5DUH8	420
Q5E985	450
Q5E9F2	289
Q5EAD5	377
Q5EG47	559
Q5EGZ1	805
Q5EI73	521
Q5EI74	923
Q5EM56	213
Q5EM59	295
Q5EP76	679
Q5F2K1	491
Q5F2K2	289
Q5F2K3	549
Q5FB27	1338
Q5FVF5	210
Q5FVR2	476
Q5GIT4	1357
Q5GN09	266
Q5GSR3	331
Q5HCI2	115
Q5HEN6	252
Q5HGF6	557
Q5HH78	269
Q5HK03	643
Q5HK04	893
Q5HMD9	451
Q5HPI5	800
Q5HPI6	664
Q5IB64	807
Q5J463	269
Q5JRX3	1037
Q5JUR7	227
Q5JZY3	1008
Q5KSK8	365
Q5KTC7	362
Q5L478	447
Q5M848	304
Q5MPP0	372
Q5MY95	495
Q5NBJ1	932
Q5NGP7	327
Q5NGQ3	260
Q5NUL3	377
Q5PY51	536
Q5QD11	358
Q5QD14	337
Q5QJU3	275
Q5QQ41	259
Q5R387	149
Q5RJP0	316
Q5RJQ4	350
Q5RJZ2	328
Q5RLM2	535
Q5S006	2527
Q5S007	2527
Q5S741	50
Q5S747	74
Q5SC61	532
Q5SIY4	345
Q5SWU9	2345
Q5T3U5	1492
Q5T7B8	1368
Q5TC84	451
Q5TCQ9	1481
Q5TCX8	1036
Q5TCY1	1321
Q5TIX5	86
Q5TKS0	403
Q5TKS5	243
Q5TU56	255
Q5U431	456
Q5U5Z8	902
Q5U7L7	266
Q5U9J1	281
Q5VLE3	345
Q5VST6	288
Q5VT25	1732
Q5VT66	337
Q5VWZ2	237
Q5XEP9	528
Q5XI64	337
Q5XJA0	369
Q5XJY4	377
Q5XX84	293
Q5XXA6	986
Q5Y7A7	266
Q5YLN7	159
Q5ZPR3	534
Q60409	125
Q60457	546
Q60484	376
Q60490	229
Q60492	223
Q60597	1023
Q60612	326
Q60613	410
Q60614	332
Q60631	217
Q60641	488
Q60644	446
Q60680	745
Q60692	238
Q60714	646
Q60737	391
Q60748	411
Q60751	1373
Q60795	597
Q60823	481
Q60855	656
Q60857	630
Q60963	440
Q60F97	458
Q61009	509
Q61024	561
Q61096	254
Q61125	334
Q61143	930
Q61180	699
Q61205	232
Q61206	229
Q61214	763
Q61221	836
Q61224	374
Q61239	377
Q61241	365
Q61263	540
Q61327	619
Q61337	204
Q61391	750
Q61586	827
Q61603	456
Q61606	485
Q61614	427
Q61616	446
Q61618	319
Q61672	456
Q61831	464
Q61851	801
Q61937	292
Q62035	341
Q62053	362
Q62108	724
Q62120	1129
Q62137	1100
Q62151	402
Q62165	893
Q62167	662
Q62190	1378
Q62205	1984
Q62226	437
Q62463	423
Q62600	1202
Q62633	348
Q62640	1009
Q62645	1323
Q62658	108
Q62666	530
Q62668	929
Q62674	648
Q62688	1096
Q62689	1132
Q62730	381
Q62758	406
Q62773	659
Q62795	465
Q62805	346
Q62848	415
Q62857	168
Q62868	1388
Q62879	440
Q62928	357
Q62962	512
Q62968	1956
Q62976	1209
Q62986	530
Q63008	618
Q63009	353
Q63010	561
Q63016	512
Q63065	434
Q63088	334
Q63089	556
Q63108	561
Q63118	464
Q63120	1541
Q63199	324
Q63207	482
Q63269	2670
Q63273	979
Q63341	465
Q63371	328
Q63380	617
Q63384	416
Q63415	937
Q63421	768
Q63424	729
Q63447	375
Q63449	923
Q63470	763
Q63495	402
Q63531	735
Q63563	1545
Q63604	821
Q63633	1139
Q63634	445
Q63644	1369
Q63645	397
Q63704	772
Q63707	395
Q63844	380
Q63881	630
Q63921	602
Q63931	430
Q63932	401
Q63T71	162
Q64077	402
Q64133	526
Q64194	397
Q64264	421
Q64326	296
Q64346	381
Q64373	233
Q64378	456
Q64459	504
Q64464	503
Q64481	504
Q64505	503
Q64511	1612
Q64514	1262
Q64536	407
Q64546	498
Q64560	1249
Q64578	994
Q64602	425
Q64604	1898
Q64610	887
Q64617	683
Q64640	361
Q64654	503
Q64663	595
Q64666	205
Q64669	274
Q64680	500
Q64686	305
Q64725	629
Q64729	503
Q64737	1010
Q64F92	205
Q653V4	886
Q653V7	885
Q65XK0	578
Q66ET0	636
Q66H76	586
Q66HS9	489
Q670S6	296
Q672I5	34
Q673L6	1125
Q67BT3	572
Q69091	394
Q690N0	482
Q69422	2864
Q697L1	840
Q69ZF3	918
Q6A5E8	350
Q6AY53	369
Q6AYB2	616
Q6AYQ3	472
Q6AYT7	398
Q6B0I6	523
Q6B4J2	163
Q6B856	445
Q6C2D9	381
Q6DE08	361
Q6DHV7	355
Q6DLS0	406
Q6DLW5	406
Q6DRH7	633
Q6DT37	1551
Q6DWJ6	353
Q6E213	333
Q6EIG7	209
Q6FTL6	219
Q6GG09	585
Q6GI75	256
Q6GMR7	532
Q6GPL3	368
Q6GWS8	286
Q6I9B6	236
Q6IE75	514
Q6IE76	417
Q6IMK5	722
Q6IQ55	1244
Q6IVK1	415
Q6IYD9	365
Q6IYF9	317
Q6J4K2	584
Q6JE29	239
Q6JP75	309
Q6KCB6	512
Q6L5J4	353
Q6L709	376
Q6LX38	543
Q6MGC4	127
Q6N069	864
Q6NSN2	522
Q6NVY1	386
Q6NXK8	526
Q6NZM9	1076
Q6P0Q8	1798
Q6P179	960
Q6P1E0	629
Q6P1M0	643
Q6P2M8	343
Q6P3E7	666
Q6P3R8	708
Q6P4F1	479
Q6P549	1257
Q6P5Z2	889
Q6P6C2	394
Q6P6Q7	712
Q6P6R0	348
Q6P6U0	517
Q6P6W3	428
Q6P762	1009
Q6P7A9	953
Q6P7Q4	184
Q6P7S1	394
Q6P8J2	170
Q6P988	496
Q6PAM0	271
Q6PCB7	646
Q6PE15	297
Q6PEY2	450
Q6PFW1	1433
Q6PFX9	1320
Q6PHR2	472
Q6PIU1	500
Q6PIU2	408
Q6PL18	1390
Q6PRC7	441
Q6PRG8	294
Q6PSM0	1272
Q6Q253	402
Q6Q4G3	990
Q6Q793	449
Q6QA75	89
Q6QCL9	341
Q6QHF9	649
Q6QIY3	1958
Q6QLK5	814
Q6QLQ4	244
Q6QMG6	1325
Q6R327	1708
Q6R3M4	717
Q6R5A3	839
Q6R6I7	758
Q6R6M4	530
Q6R7Z5	340
Q6RCS8	293
Q6REX6	286
Q6RI45	1802
Q6RI86	1125
Q6RVD3	541
Q6RY99	512
Q6S6F1	153
Q6S996	940
Q6T3U3	1331
Q6T3U4	1333
Q6T755	266
Q6TGC4	694
Q6TUJ4	133
Q6UB28	335
Q6UB75	92
Q6UCJ9	417
Q6UW60	755
Q6UWR7	440
Q6UWV6	458
Q6UXS9	341
Q6V1X1	898
Q6V7U7	411
Q6VAB6	950
Q6VNS1	825
Q6VVP7	313
Q6W5P4	371
Q6W9J1	286
Q6WQJ1	1044
Q6X1Y6	530
Q6XCE7	373
Q6XEC0	265
Q6XKD3	403
Q6XUX3	929
Q6Y1R5	337
Q6Y3N0	105
Q6Y7W6	1299
Q6YP21	454
Q6ZMB0	384
Q6ZMT4	941
Q6ZMV9	814
Q6ZN16	1313
Q6ZN18	517
Q6ZNB5	142
Q6ZQN7	724
Q6ZQW0	420
Q6ZVD8	1323
Q6ZWH5	1172
Q6ZWX6	315
Q700B8	480
Q704Y3	839
Q70AG6	169
Q70E71	183
Q70GC6	121
Q70I53	369
Q70YI1	233
Q70Z44	454
Q712U5	112
Q71MB6	724
Q71U36	451
Q721J8	264
Q72502	854
Q72547	566
Q72874	99
Q75NA5	576
Q75VQ4	469
Q75Y37	413
Q75Y54	750
Q75YD8	731
Q75YK0	821
Q75Z89	470
Q75ZY9	1382
Q76059	75
Q76129	115
Q76270	124
Q76353	288
Q76EI6	330
Q76I76	1423
Q76JU9	300
Q76JV1	300
Q76KC6	823
Q76LX8	1427
Q76MZ3	589
Q76SF8	342
Q77YF8	116
Q77YF9	78
Q78DX7	2340
Q79EC5	103
Q79MP6	246
Q7B899	286
Q7BI95	268
Q7BQ98	89
Q7DHH4	668
Q7JHP9	620
Q7K6A1	449
Q7KQK5	622
Q7KT97	808
Q7KTF8	523
Q7KZF4	910
Q7KZI7	788
Q7L0J3	742
Q7L7X3	1001
Q7LBC6	1761
Q7LG56	351
Q7M0F8	444
Q7M328	496
Q7M3D2	280
Q7M3G7	41
Q7REH6	209
Q7RTN6	431
Q7RTT9	530
Q7RTX0	852
Q7RTX1	841
Q7SIF6	264
Q7T1G6	1614
Q7T3S7	136
Q7T664	287
Q7TMA4	361
Q7TMR0	491
Q7TMS5	657
Q7TNH1	468
Q7TQM4	524
Q7TQN8	468
Q7TQN9	365
Q7TQP3	335
Q7TSF2	588
Q7TT78	288
Q7TT86	390
Q7WYA8	246
Q7WZI6	89
Q7WZI7	315
Q7X1P7	638
Q7X575	286
Q7YR26	767
Q7YWB7	628
Q7YWJ9	692
Q7YY07	432
Q7YY76	444
Q7Z1V1	481
Q7Z2H8	476
Q7Z2K8	1008
Q7Z2W7	1104
Q7Z3E1	657
Q7Z3S7	1137
Q7Z418	384
Q7Z4H4	148
Q7Z4W1	244
Q7Z5Q5	900
Q7Z5W3	292
Q7Z601	462
Q7ZJM1	288
Q804I7	779
Q80SS6	329
Q80T02	329
Q80TJ7	1023
Q80UJ1	556
Q80UX8	337
Q80W54	475
Q80W57	657
Q80W94	334
Q80WQ2	782
Q80XI6	850
Q80Y98	699
Q80YA3	547
Q80Z26	529
Q80Z29	491
Q80Z39	360
Q80ZG2	678
Q81258	3021
Q81R22	162
Q81RP3	272
Q81VW8	280
Q81WF0	428
Q820T1	321
Q82122	2153
Q82323	166
Q82E74	330
Q834R3	315
Q836J0	273
Q837B3	669
Q83TT7	20
Q83YP9	286
Q840M4	291
Q840P9	265
Q848S6	293
Q84AD8	379
Q862F3	85
Q862L2	99
Q864S1	458
Q865E1	445
Q866A2	502
Q86831	893
Q868D6	695
Q869C3	737
Q86DI9	2051
Q86MC2	627
Q86PR3	110
Q86SG6	692
Q86SK9	330
Q86TI2	863
Q86TP1	453
Q86TX2	421
Q86U86	1689
Q86UE8	772
Q86UW1	340
Q86UX6	486
Q86V24	386
Q86V86	326
Q86VH2	1401
Q86VL8	602
Q86VQ6	643
Q86VW1	577
Q86VZ5	413
Q86W56	976
Q86WA6	291
Q86X55	608
Q86XE5	327
Q86Y07	508
Q86Y39	141
Q86Y97	462
Q86YI8	300
Q86YT5	568
Q86YV6	388
Q86Z02	1210
Q873X9	433
Q873Y0	825
Q89535	574
Q8A0C8	717
Q8A0C9	757
Q8A0E8	782
Q8A0M7	743
Q8A0N0	758
Q8A0N1	755
Q8A0Q6	756
Q8A0Q8	779
Q8A0Q9	761
Q8A113	755
Q8A182	760
Q8A193	753
Q8A1X8	653
Q8A1Y1	763
Q8A325	735
Q8A3K6	897
Q8A4H0	760
Q8A5N9	758
Q8A5X5	1042
Q8A5Y1	1047
Q8A6K3	733
Q8A6V7	751
Q8A8Y5	756
Q8AWE3	426
Q8BFU7	328
Q8BGE5	2021
Q8BGW1	502
Q8BGY9	580
Q8BH82	396
Q8BH98	492
Q8BHC7	315
Q8BHJ7	463
Q8BJ56	486
Q8BK63	337
Q8BLA8	1125
Q8BLD9	478
Q8BLF1	408
Q8BLG2	370
Q8BMN3	464
Q8BMT9	499
Q8BQP8	635
Q8BRK8	552
Q8BSK8	525
Q8BTY2	1034
Q8BUY9	377
Q8BVG4	862
Q8BVQ5	386
Q8BVW0	898
Q8BW75	520
Q8BX10	288
Q8BZ39	395
Q8BZP8	371
Q8C0L6	504
Q8C131	343
Q8C2B3	938
Q8C4U3	314
Q8CA95	790
Q8CFG6	1157
Q8CFK4	608
Q8CFM9	85
Q8CFN2	191
Q8CG09	1532
Q8CGK3	949
Q8CGM4	400
Q8CGU9	485
Q8CGZ2	613
Q8CH19	720
Q8CHN6	568
Q8CI15	382
Q8CIH5	1265
Q8CIP3	322
Q8CJ44	572
Q8CJF4	261
Q8CPY8	310
Q8DNV6	457
Q8DW17	369
Q8FEJ5	236
Q8G2R2	430
Q8G9Q0	276
Q8GDC1	266
Q8HXG6	141
Q8HY88	411
Q8HYC2	125
Q8HYC3	389
Q8HZ64	338
Q8HZP2	352
Q8HZR1	603
Q8I0V1	590
Q8I1M8	410
Q8I1Y2	939
Q8I2J3	570
Q8I2S7	301
Q8I4S1	210
Q8I5C5	116
Q8I5R7	746
Q8I6E4	373
Q8I6V0	569
Q8I6Z5	590
Q8I701	411
Q8I9V1	1124
Q8IBS5	528
Q8IDJ8	583
Q8IEK1	1085
Q8II92	173
Q8IIJ9	700
Q8IIL0	492
Q8IL11	605
Q8IL32	927
Q8IL88	424
Q8ILW6	410
Q8IM16	449
Q8IU57	520
Q8IU80	811
Q8IU85	385
Q8IUX4	373
Q8IV61	690
Q8IV63	474
Q8IVH8	894
Q8IVM8	553
Q8IVW4	592
Q8IW41	473
Q8IWQ3	736
Q8IWU9	490
Q8IWW8	467
Q8IXJ6	389
Q8IXL7	192
Q8IY17	1375
Q8IY84	436
Q8IYB8	786
Q8IYL9	337
Q8IYT8	1036
Q8IZ08	494
Q8IZC6	1860
Q8IZL9	346
Q8IZM9	456
Q8IZS8	1091
Q8IZX4	1826
Q8JXU8	231
Q8JZL2	353
Q8K093	1025
Q8K0C4	503
Q8K0H1	567
Q8K1M6	742
Q8K1N1	776
Q8K1P8	545
Q8K2I1	437
Q8K3T4	300
Q8K409	335
Q8K418	399
Q8K424	791
Q8K4F2	677
Q8K4F5	307
Q8K4Z4	418
Q8K4Z6	928
Q8K5E0	354
Q8KHG4	332
Q8KHJ3	310
Q8KKG1	289
Q8KRJ3	266
Q8KXD2	620
Q8MHZ5	366
Q8MI13	119
Q8MJ89	388
Q8MMZ4	853
Q8MMZ8	1003
Q8MTZ4	826
Q8MU52	211
Q8MWR1	276
Q8MWR2	403
Q8MYA6	547
Q8MZM0	512
Q8N118	509
Q8N122	1335
Q8N183	169
Q8N1C3	465
Q8N1Q1	262
Q8N2K0	398
Q8N3A8	854
Q8N474	314
Q8N4C8	1332
Q8N568	766
Q8N5S9	505
Q8N5Z0	425
Q8N6M6	819
Q8N6T7	355
Q8N752	337
Q8N8U2	506
Q8NA19	623
Q8NB16	471
Q8NB78	822
Q8NB90	893
Q8NBP7	692
Q8NCC3	412
Q8NCG5	386
Q8NCG7	672
Q8NCM2	988
Q8NCQ2	148
Q8ND76	341
Q8NDH3	523
Q8NE63	616
Q8NEB9	887
Q8NEC5	780
Q8NER1	839
Q8NER5	493
Q8NET8	790
Q8NEV1	391
Q8NEV4	1616
Q8NEZ4	4911
Q8NFD2	765
Q8NFF5	587
Q8NFI3	743
Q8NFJ6	384
Q8NFM4	1077
Q8NFV4	315
Q8NG66	645
Q8NG68	377
Q8NHB7	308
Q8NHM5	1336
Q8NHU3	365
Q8NI60	647
Q8NWQ9	159
Q8NY00	657
Q8P1K1	347
Q8QGU2	108
Q8QZV1	534
Q8QZW7	440
Q8R000	340
Q8R0V5	405
Q8R0X7	568
Q8R116	503
Q8R146	732
Q8R2Y0	336
Q8R3I2	519
Q8R413	107
Q8R431	303
Q8R455	1104
Q8R493	495
Q8R4B8	1033
Q8R4D5	1104
Q8R4G1	323
Q8R4G9	499
Q8RL90	397
Q8RLA6	275
Q8RN04	398
Q8RT60	290
Q8RTE5	367
Q8S3J0	583
Q8SPQ9	604
Q8SPU6	496
Q8SPZ1	59
Q8SQG8	473
Q8ST54	471
Q8T6B1	337
Q8T6J6	323
Q8T6T2	400
Q8T8E6	357
Q8T8E7	347
Q8T8E9	395
Q8T9Z7	245
Q8TAA3	256
Q8TAE7	436
Q8TAF3	677
Q8TAV3	490
Q8TBC4	463
Q8TBE9	248
Q8TBX8	421
Q8TCC7	542
Q8TCD5	201
Q8TCG1	905
Q8TCG2	481
Q8TCT0	537
Q8TCT1	267
Q8TCU5	1115
Q8TCW9	393
Q8TD08	544
Q8TD19	979
Q8TD43	1214
Q8TDC3	778
Q8TDD5	553
Q8TDN1	519
Q8TDN2	545
Q8TDN7	264
Q8TDR2	534
Q8TDS4	363
Q8TDS5	423
Q8TDU6	330
Q8TDU9	374
Q8TDV0	419
Q8TDV5	335
Q8TDX6	532
Q8TDX7	302
Q8TE04	598
Q8TE23	839
Q8TEK3	1537
Q8TET4	914
Q8TF76	798
Q8VBU5	721
Q8VBX1	493
Q8VBX6	2055
Q8VC69	545
Q8VCA0	551
Q8VCH6	516
Q8VCK6	330
Q8VCT3	650
Q8VCT4	565
Q8VD48	319
Q8VDG7	390
Q8VDP6	213
Q8VDQ8	389
Q8VDS3	158
Q8VEB1	590
Q8VEB4	412
Q8VH25	477
Q8VH26	587
Q8VH27	466
Q8VH37	377
Q8VHL0	384
Q8VHN2	1002
Q8VI47	1543
Q8VIH9	385
Q8VIJ5	916
Q8VNN2	1029
Q8W433	591
Q8WMX0	139
Q8WN72	172
Q8WN95	2664
Q8WNX7	252
Q8WNY2	1161
Q8WPZ6	258
Q8WPZ7	411
Q8WQX9	930
Q8WS26	425
Q8WSF8	236
Q8WTQ7	553
Q8WTS6	366
Q8WTT0	213
Q8WTV0	552
Q8WTZ4	195
Q8WU08	396
Q8WUI4	952
Q8WUK0	201
Q8WUW1	75
Q8WVY7	318
Q8WW43	257
Q8WWL7	1395
Q8WWQ0	1821
Q8WWR8	484
Q8WWT9	602
Q8WWX8	675
Q8WXA8	447
Q8WXB1	218
Q8WXD0	754
Q8WXI7	14507
Q8WXR4	1341
Q8WXS5	425
Q8WYB5	2073
Q8WYR1	880
Q8WZA1	660
Q8WZA2	1011
Q8X225	331
Q8X6S1	240
Q8XIQ6	464
Q8Z5I4	257
Q8Z9J9	159
Q8ZDW5	642
Q8ZEY1	299
Q8ZLS1	328
Q90744	405
Q90YJ9	640
Q91765	434
Q91H74	3391
Q91MA9	716
Q91RS4	181
Q91V01	487
Q91V26	383
Q91V92	1091
Q91VC3	411
Q91WA3	347
Q91WC9	669
Q91WG0	561
Q91WN4	479
Q91WR5	323
Q91WU2	540
Q91X44	587
Q91X60	512
Q91XA9	473
Q91XF0	261
Q91Y77	514
Q91Y86	384
Q91ZM7	635
Q91ZP4	660
Q91ZR5	686
Q91ZU6	7393
Q91ZU9	1003
Q91ZY1	391
Q91ZY2	391
Q91ZY3	389
Q91ZZ5	737
Q920A5	452
Q920B6	426
Q920D2	187
Q920H4	532
Q920L1	447
Q920L5	267
Q920R3	447
Q921V5	442
Q922D8	935
Q922Z0	341
Q923I7	670
Q923J1	1863
Q923M1	233
Q923X8	358
Q923Y8	332
Q923Y9	332
Q92499	740
Q924T8	339
Q924U1	396
Q92523	772
Q92542	709
Q92547	1522
Q92560	729
Q92569	461
Q92570	626
Q92598	858
Q925B3	1862
Q925H0	512
Q925U2	150
Q92616	2671
Q92630	601
Q92633	364
Q92698	747
Q92729	1446
Q92731	530
Q92736	4967
Q92753	470
Q92769	488
Q92772	493
Q92793	2442
Q92794	2004
Q92800	747
Q92806	393
Q92813	273
Q92820	318
Q92824	1860
Q92830	837
Q92831	832
Q92835	1189
Q92843	193
Q92847	366
Q92851	521
Q92876	244
Q92887	1545
Q92889	916
Q92905	334
Q92918	833
Q92934	168
Q92945	711
Q92947	438
Q92952	543
Q92953	911
Q92959	643
Q92993	513
Q92995	863
Q92997	716
Q93008	2570
Q93009	1102
Q93086	422
Q93088	406
Q93096	173
Q93100	1093
Q931S2	800
Q932M0	889
Q932Y6	286
Q939N4	291
Q93LQ9	293
Q93QD4	308
Q93RY0	298
Q93SP7	186
Q93T40	256
Q93T42	309
Q93UV0	420
Q93ZN9	461
Q94655	500
Q94696	552
Q94715	308
Q947J4	232
Q947J5	232
Q94F81	286
Q94FV7	384
Q94IG7	531
Q95136	446
Q95142	150
Q95214	305
Q95254	366
Q95323	312
Q95334	942
Q95IE3	266
Q95J97	351
Q95KW7	269
Q95KY9	666
Q95L14	153
Q95M12	433
Q95MF8	295
Q95N78	468
Q95P20	692
Q95PM0	450
Q95US7	800
Q95V25	1140
Q95WR6	394
Q95XG9	322
Q95Z89	262
Q96242	518
Q962H3	594
Q962I5	467
Q962Y6	598
Q964Q8	363
Q965D5	432
Q965D6	301
Q965D7	230
Q96662	3907
Q968X7	1934
Q969D9	159
Q969F8	398
Q969P6	601
Q969S8	669
Q969U7	264
Q969V1	340
Q96A54	375
Q96AD5	504
Q96AG4	307
Q96B36	256
Q96BD0	722
Q96BI3	265
Q96BR1	496
Q96C86	337
Q96CA5	298
Q96D31	301
Q96D53	544
Q96DB2	347
Q96EB6	747
Q96EG1	525
Q96F10	170
Q96F46	866
Q96FE5	620
Q96FL8	570
Q96G91	374
Q96GD4	344
Q96HE7	468
Q96IY4	423
Q96J66	1382
Q96J92	1243
Q96JM7	780
Q96K76	1375
Q96KB5	322
Q96KK3	526
Q96KQ7	1210
Q96KS0	407
Q96L34	752
Q96L42	1107
Q96L73	2696
Q96LA8	375
Q96LB1	330
Q96LB2	322
Q96LD8	212
Q96NT5	459
Q96NX5	476
Q96NY8	510
Q96P09	236
Q96P20	1036
Q96P65	431
Q96P68	337
Q96PD7	388
Q96PF2	358
Q96PH1	765
Q96PN6	1610
Q96PN8	268
Q96PR1	638
Q96PY6	1258
Q96Q15	3661
Q96Q40	435
Q96Q83	286
Q96Q89	1820
Q96QA9	1514
Q96QE3	1844
Q96QK1	796
Q96QT4	1865
Q96QU1	1955
Q96QZ7	1491
Q96RD7	426
Q96RG2	1323
Q96RI0	385
Q96RI1	486
Q96RJ0	339
Q96RP8	456
Q96RR4	588
Q96RU2	1077
Q96S37	553
Q96S38	1066
Q96S44	253
Q96S53	571
Q96SB4	655
Q96SD1	692
Q96SN7	254
Q96SW2	442
Q96T53	435
Q96T88	793
Q96W81	524
Q96WJ0	719
Q96X16	787
Q97Q48	872
Q97R46	459
Q97RU8	450
Q97S36	348
Q97SG0	424
Q97SR4	252
Q98254	323
Q98UH1	384
Q99028	186
Q99062	836
Q99075	208
Q99246	2179
Q99250	2005
Q99259	594
Q99418	400
Q99436	277
Q99460	953
Q99466	2003
Q99489	341
Q99500	378
Q99518	471
Q99519	415
Q99523	831
Q99527	375
Q99538	433
Q99542	508
Q99549	860
Q99558	947
Q99570	1358
Q99571	388
Q99572	595
Q99593	518
Q99619	263
Q99640	499
Q99661	725
Q99677	370
Q99683	1374
Q99685	303
Q99700	1313
Q99705	422
Q99707	1265
Q99714	261
Q99720	223
Q99733	375
Q99735	147
Q99741	560
Q99755	562
Q99757	166
Q99759	626
Q99788	373
Q99795	319
Q99808	456
Q99814	870
Q99816	390
Q99835	787
Q99836	296
Q99873	371
Q99884	636
Q99895	268
Q99928	467
Q99943	283
Q99952	460
Q99986	396
Q99988	308
Q99J39	492
Q99JA4	352
Q99KQ4	491
Q99KR7	206
Q99LR1	398
Q99MA2	674
Q99MB1	905
Q99MI5	302
Q99MK2	513
Q99MK8	689
Q99N01	723
Q99N02	710
Q99N13	588
Q99N23	324
Q99N42	471
Q99N57	648
Q99P50	364
Q99P96	238
Q99P97	158
Q99P99	1077
Q99PG0	398
Q99YW3	933
Q9AEF9	316
Q9AEG1	1048
Q9AH50	209
Q9AIU7	667
Q9AQH7	466
Q9AR38	536
Q9BDP5	275
Q9BDQ5	350
Q9BDS8	355
Q9BEG3	430
Q9BHT9	950
Q9BJF5	507
Q9BJJ9	432
Q9BMJ1	676
Q9BMK9	1001
Q9BPV8	354
Q9BPW0	484
Q9BPW9	319
Q9BPX1	270
Q9BQ31	491
Q9BQ51	273
Q9BQA1	342
Q9BQB4	213
Q9BQB6	163
Q9BQE3	449
Q9BQF6	1050
Q9BQI3	630
Q9BR01	284
Q9BRH5	400
Q9BRQ5	295
Q9BRS2	568
Q9BRX8	229
Q9BSJ8	1104
Q9BSW2	395
Q9BT73	122
Q9BTU6	479
Q9BTY2	467
Q9BU61	184
Q9BUB5	465
Q9BUF5	446
Q9BUL5	403
Q9BV23	337
Q9BV47	211
Q9BV57	179
Q9BVA0	655
Q9BVA1	445
Q9BVG8	833
Q9BVJ7	150
Q9BVS4	552
Q9BW19	673
Q9BW60	279
Q9BW92	718
Q9BWU1	502
Q9BX84	2022
Q9BXA5	334
Q9BXA6	273
Q9BXA7	367
Q9BXC0	346
Q9BXC1	333
Q9BXF3	1484
Q9BXM7	581
Q9BXN2	247
Q9BXR0	403
Q9BXT2	260
Q9BXU1	1019
Q9BXW9	1451
Q9BY08	206
Q9BY41	377
Q9BY64	529
Q9BYC5	575
Q9BYF1	805
Q9BYP7	1800
Q9BYT3	514
Q9BYW2	2564
Q9BZ11	813
Q9BZ23	570
Q9BZ95	1437
Q9BZJ3	242
Q9BZL6	878
Q9BZM1	189
Q9BZM2	168
Q9BZP6	476
Q9BZX2	261
Q9C000	1473
Q9C098	648
Q9C0B1	505
Q9C0H9	1183
Q9C0Y4	969
Q9C1S6	744
Q9C5U0	1080
Q9C5U1	1036
Q9C6L5	492
Q9CAK8	231
Q9CPU0	184
Q9CQ65	283
Q9CWJ9	592
Q9CWS0	285
Q9CZN8	525
Q9CZU6	464
Q9D0R2	722
Q9D2G2	454
Q9D358	158
Q9D379	455
Q9D6F4	552
Q9D6N1	262
Q9D8I1	188
Q9DBB4	864
Q9DBL9	351
Q9DC28	415
Q9DCV3	388
Q9DDE3	634
Q9DDV6	191
Q9EP66	360
Q9EP89	551
Q9EP96	670
Q9EPB1	500
Q9EPB5	311
Q9EPB7	384
Q9EPK8	871
Q9EPL8	1038
Q9EPQ1	795
Q9EPR9	542
Q9EPT5	643
Q9EPW9	795
Q9EPX4	343
Q9EQ60	2359
Q9EQ79	524
Q9EQC5	806
Q9EQD2	417
Q9EQH2	930
Q9EQU3	1032
Q9EQZ6	1011
Q9ER60	1841
Q9ERB5	715
Q9ERC0	381
Q9ERK7	501
Q9ERM3	498
Q9ERQ8	264
Q9ERT1	251
Q9ERV0	4283
Q9ERZ3	589
Q9ERZ4	466
Q9ERZ8	871
Q9ES07	729
Q9ES14	506
Q9ES66	666
Q9ES90	307
Q9ESG6	338
Q9EST2	292
Q9ESU6	1400
Q9ET01	850
Q9ET22	506
Q9ET64	422
Q9EXV5	291
Q9EY48	458
Q9EYV8	202
Q9F2F0	203
Q9F4F7	224
Q9F663	293
Q9F923	239
Q9FBC5	324
Q9FBI2	315
Q9FBZ2	295
Q9FD53	317
Q9FD70	803
Q9FG87	529
Q9FH76	463
Q9FUJ3	501
Q9FV53	269
Q9FXT4	417
Q9FYV8	544
Q9GIY3	266
Q9GJT2	282
Q9GJT6	620
Q9GJU1	443
Q9GK37	406
Q9GME2	314
Q9GPG0	573
Q9GPQ4	327
Q9GRG6	266
Q9GRG7	521
Q9GSG8	484
Q9GSW0	496
Q9GU47	226
Q9GV40	2220
Q9GZN0	384
Q9GZQ4	415
Q9GZQ6	430
Q9GZR1	1112
Q9GZT4	340
Q9GZT9	426
Q9GZU7	261
Q9GZV3	580
Q9GZV9	251
Q9GZX6	179
Q9GZZ6	450
Q9GZZ9	404
Q9H015	551
Q9H093	628
Q9H0E3	1048
Q9H0E9	1235
Q9H0H5	632
Q9H0J9	701
Q9H0K1	926
Q9H160	280
Q9H1C0	372
Q9H1D0	765
Q9H1R2	295
Q9H1R3	596
Q9H227	469
Q9H228	398
Q9H237	461
Q9H244	342
Q9H252	994
Q9H2G2	1235
Q9H2J7	730
Q9H2K2	1166
Q9H2K8	898
Q9H2M3	363
Q9H2S1	579
Q9H2U1	1008
Q9H2X3	399
Q9H2X6	1198
Q9H2X9	1139
Q9H3M0	494
Q9H3N8	390
Q9H3R0	1056
Q9H3S4	243
Q9H3Y6	488
Q9H422	1215
Q9H461	694
Q9H4A3	2382
Q9H4A4	650
Q9H4B4	646
Q9H4B7	451
Q9H4Y5	243
Q9H5I1	410
Q9H5J4	265
Q9H665	355
Q9H6P5	420
Q9H6X2	564
Q9H6Z9	239
Q9H773	170
Q9H792	1746
Q9H7B4	428
Q9H7E2	651
Q9H7Z6	458
Q9H7Z7	377
Q9H867	229
Q9H8M2	597
Q9H8P0	318
Q9H999	370
Q9H9B1	1298
Q9H9Q2	264
Q9H9S0	305
Q9HA47	277
Q9HAQ2	790
Q9HAS3	691
Q9HAU8	725
Q9HAW7	530
Q9HAW8	530
Q9HAW9	530
Q9HAZ1	481
Q9HB03	270
Q9HB21	404
Q9HB40	452
Q9HB55	503
Q9HB89	426
Q9HBA0	871
Q9HBH1	243
Q9HBH9	465
Q9HBI0	331
Q9HBW0	351
Q9HBX9	757
Q9HBY0	568
Q9HBY8	427
Q9HC16	384
Q9HC29	1040
Q9HC52	389
Q9HC62	589
Q9HC97	309
Q9HC98	313
Q9HCE7	757
Q9HCG7	927
Q9HCL2	828
Q9HCN6	339
Q9HCP0	422
Q9HCR9	933
Q9HCS2	524
Q9HCT0	170
Q9HCU0	757
Q9HCU8	107
Q9HD36	194
Q9HTC0	381
Q9HUJ8	629
Q9HUK1	754
Q9HUN3	464
Q9HUY3	279
Q9HVB9	215
Q9HVW7	421
Q9HWG3	547
Q9HWR2	268
Q9HX69	392
Q9HZK0	332
Q9HZK1	245
Q9I056	412
Q9I194	762
Q9I5U2	924
Q9I7A8	168
Q9I7C2	806
Q9I8A2	496
Q9I8D0	838
Q9IAT9	120
Q9IBD2	421
Q9IF40	832
Q9IGQ6	469
Q9IH62	602
Q9IP65	354
Q9IQ47	716
Q9JHE3	756
Q9JHF7	199
Q9JHF9	160
Q9JHG7	1102
Q9JHI3	682
Q9JHJ5	437
Q9JHR7	1019
Q9JI10	497
Q9JI35	445
Q9JIA7	617
Q9JII9	367
Q9JIM1	460
Q9JIP7	709
Q9JIS4	538
Q9JIS7	1985
Q9JIW5	430
Q9JIY5	458
Q9JJ16	437
Q9JJ74	148
Q9JJH7	1158
Q9JJJ7	461
Q9JJX6	388
Q9JJX7	370
Q9JK96	168
Q9JKC1	597
Q9JKL1	393
Q9JKS8	562
Q9JKT4	300
Q9JL18	514
Q9JL21	362
Q9JLB5	447
Q9JLF1	638
Q9JLN9	2549
Q9JLY8	355
Q9JM51	153
Q9JMA7	504
Q9JMD7	580
Q9JN24	150
Q9JZ55	280
Q9K2N0	266
Q9K578	282
Q9KID9	344
Q9KM66	686
Q9KPI8	231
Q9KU37	330
Q9KVZ7	248
Q9L4P2	273
Q9L4Q3	299
Q9L5C7	291
Q9LGC6	929
Q9LM02	336
Q9M629	535
Q9M7N7	555
Q9M9Z2	367
Q9MAM3	528
Q9MYJ9	351
Q9MYM4	937
Q9MYW9	400
Q9MYX0	630
Q9MYX2	263
Q9N0W7	441
Q9N1E2	558
Q9N1N9	602
Q9N2B7	390
Q9N623	424
Q9N6S8	484
Q9NAW2	484
Q9NAW4	492
Q9NBA7	488
Q9NBD4	484
Q9NFN6	652
Q9NFS5	321
Q9NFX8	509
Q9NG02	399
Q9NG76	1415
Q9NJG8	949
Q9NJH6	677
Q9NNW7	524
Q9NNX6	404
Q9NP31	389
Q9NP56	450
Q9NP58	842
Q9NP59	571
Q9NP77	194
Q9NP78	766
Q9NP80	782
Q9NP84	129
Q9NP87	494
Q9NP99	234
Q9NPA2	562
Q9NPB1	228
Q9NPC1	389
Q9NPC2	374
Q9NPD5	702
Q9NPF7	189
Q9NPH5	578
Q9NPI1	651
Q9NPI8	374
Q9NQ25	335
Q9NQ66	1216
Q9NQB0	619
Q9NQC3	1192
Q9NQH7	507
Q9NQR1	393
Q9NQS5	396
Q9NQS7	918
Q9NQU5	681
Q9NQV7	894
Q9NQW7	623
Q9NQZ5	370
Q9NR20	520
Q9NR21	338
Q9NR22	394
Q9NR48	2969
Q9NR56	388
Q9NR61	685
Q9NR63	512
Q9NR71	780
Q9NR77	195
Q9NR82	932
Q9NR96	1032
Q9NR97	1041
Q9NRA0	654
Q9NRC8	400
Q9NRE1	261
Q9NRF9	147
Q9NRG4	433
Q9NRH2	765
Q9NRM0	540
Q9NRM7	1088
Q9NRN7	309
Q9NRP7	1315
Q9NRR2	321
Q9NRR8	79
Q9NRS4	437
Q9NRW4	184
Q9NRX3	87
Q9NS00	363
Q9NS40	1196
Q9NS61	270
Q9NS75	346
Q9NS86	450
Q9NS87	1388
Q9NSA0	550
Q9NSA2	647
Q9NSD5	602
Q9NSD7	469
Q9NSI6	2320
Q9NSY1	1161
Q9NTG7	399
Q9NUW8	608
Q9NUX5	634
Q9NVM4	692
Q9NVS9	261
Q9NWH9	1034
Q9NWM0	555
Q9NWM8	211
Q9NWT6	349
Q9NWT8	199
Q9NWZ3	460
Q9NX14	153
Q9NX74	493
Q9NXA8	310
Q9NXB9	296
Q9NXG6	502
Q9NXS2	382
Q9NY33	737
Q9NY46	2000
Q9NY47	1150
Q9NY57	414
Q9NY65	449
Q9NY91	659
Q9NYA1	384
Q9NYB0	399
Q9NYB5	712
Q9NYG8	393
Q9NYK1	1049
Q9NYL2	800
Q9NYP7	299
Q9NYQ3	351
Q9NYV4	1490
Q9NYV7	291
Q9NYV8	317
Q9NYW1	312
Q9NYW2	309
Q9NYW5	299
Q9NYY1	176
Q9NYY3	685
Q9NZ08	941
Q9NZ20	509
Q9NZ42	101
Q9NZ45	108
Q9NZJ5	1116
Q9NZK7	142
Q9NZQ7	290
Q9NZQ8	1165
Q9NZV8	630
Q9P032	175
Q9P0G3	267
Q9P0J0	144
Q9P0L2	795
Q9P0U3	644
Q9P0X4	2223
Q9P0Z9	390
Q9P1W9	311
Q9P1Z3	774
Q9P286	719
Q9P289	416
Q9P2J5	1176
Q9P2K8	1649
Q9P8N8	1894
Q9P8Q7	550
Q9P8R0	515
Q9PPP5	223
Q9PTN2	453
Q9QLI9	726
Q9QNF7	376
Q9QUH6	1308
Q9QUK6	835
Q9QUL3	142
Q9QUM0	1033
Q9QUN7	784
Q9QUQ5	974
Q9QUR6	710
Q9QUS1	358
Q9QVP9	1009
Q9QWJ9	922
Q9QX72	846
Q9QXD6	338
Q9QXE2	573
Q9QXG4	701
Q9QXI6	665
Q9QXX3	151
Q9QXY7	446
Q9QXZ6	670
Q9QY30	1321
Q9QYJ6	794
Q9QYL8	231
Q9QYM2	972
Q9QYN8	445
Q9QYR9	453
Q9QZH8	398
Q9QZM3	225
Q9QZN9	360
Q9QZQ3	123
Q9QZQ4	123
Q9QZR6	564
Q9QZT4	168
Q9QZX7	339
Q9QZX8	687
Q9R0C9	223
Q9R0P3	282
Q9R0Q2	351
Q9R0R3	77
Q9R0W2	555
Q9R0W5	495
Q9R0W9	494
Q9R0Y8	465
Q9R117	1184
Q9R141	553
Q9R152	1013
Q9R168	158
Q9R1A7	431
Q9R1C8	440
Q9R1E6	862
Q9R1K6	375
Q9R1K8	795
Q9R1L2	259
Q9R1M7	1135
Q9R1P3	201
Q9R1S4	267
Q9R1T3	306
Q9R1U7	536
Q9R1W5	463
Q9R297	352
Q9R744	727
Q9RET4	719
Q9RK76	539
Q9RMI3	256
Q9RMS5	237
Q9RUB5	629
Q9S446	206
Q9S497	300
Q9SEH8	578
Q9SMJ3	588
Q9SMN0	324
Q9SPL6	555
Q9T0N8	534
Q9TQE0	266
Q9TRC7	755
Q9TSW7	466
Q9TSZ1	400
Q9TSZ3	1158
Q9TT92	207
Q9TT93	839
Q9TTK6	763
Q9TU15	527
Q9TUN3	788
Q9TUN4	1034
Q9TUP7	444
Q9TVW2	363
Q9TW89	198
Q9U5N1	385
Q9U5N6	371
Q9U763	463
Q9U940	532
Q9U941	537
Q9UBB5	411
Q9UBC3	853
Q9UBE0	346
Q9UBE8	527
Q9UBF8	816
Q9UBK2	798
Q9UBL3	628
Q9UBL9	471
Q9UBM7	475
Q9UBN1	327
Q9UBN7	1215
Q9UBR1	384
Q9UBR2	303
Q9UBS0	482
Q9UBS5	961
Q9UBT2	640
Q9UBT6	870
Q9UBU3	117
Q9UBU7	674
Q9UBX1	484
Q9UBY0	812
Q9UBY5	353
Q9UDW1	63
Q9UDY8	824
Q9UEE5	414
Q9UEW8	545
Q9UF02	275
Q9UF33	1036
Q9UFN0	247
Q9UGH3	650
Q9UGI6	731
Q9UGI9	489
Q9UGJ0	569
Q9UGL1	1544
Q9UGM1	479
Q9UGN5	583
Q9UGP5	575
Q9UH92	298
Q9UHC3	531
Q9UHC9	1359
Q9UHD2	729
Q9UHE5	227
Q9UHE8	339
Q9UHF0	121
Q9UHF1	273
Q9UHI8	967
Q9UHJ3	866
Q9UHL4	492
Q9UHN1	485
Q9UI09	145
Q9UI33	1791
Q9UIF8	2168
Q9UIF9	1905
Q9UIG0	1483
Q9UIG8	710
Q9UIK4	370
Q9UIQ6	1025
Q9UIV1	285
Q9UIX4	513
Q9UJ42	338
Q9UJ71	328
Q9UJ96	466
Q9UJM8	370
Q9UJU2	399
Q9UJW3	386
Q9UK05	429
Q9UK17	655
Q9UK23	515
Q9UK32	745
Q9UK39	431
Q9UK80	565
Q9UKE5	1360
Q9UKG9	612
Q9UKI8	766
Q9UKK3	1724
Q9UKL0	485
Q9UKM7	699
Q9UKP6	389
Q9UKR0	248
Q9UKR3	277
Q9UKU6	1024
Q9UKV0	1011
Q9UKX5	1188
Q9UL51	889
Q9UL54	1235
Q9UL62	973
Q9ULA0	475
Q9ULC6	663
Q9ULD4	1205
Q9ULD8	1083
Q9ULH1	1129
Q9ULI0	1458
Q9ULK4	1368
Q9ULM6	557
Q9ULS6	477
Q9ULU4	1186
Q9ULV5	492
Q9ULW0	747
Q9ULW8	664
Q9ULX7	337
Q9ULZ1	77
Q9ULZ9	603
Q9UM07	663
Q9UM47	2321
Q9UM73	1620
Q9UM81	1502
Q9UMN6	2715
Q9UMR5	302
Q9UMW8	372
Q9UMX1	484
Q9UN88	632
Q9UNA0	930
Q9UNA4	740
Q9UNE0	448
Q9UNH5	594
Q9UNI1	258
Q9UNK4	145
Q9UNM6	376
Q9UNN5	650
Q9UNQ0	655
Q9UNW8	380
Q9UP38	647
Q9UP52	801
Q9UP65	541
Q9UPC5	381
Q9UPE1	567
Q9UPN9	1127
Q9UPP1	1060
Q9UPY3	1922
Q9UPY5	501
Q9UPZ9	632
Q9UQ05	1017
Q9UQ49	428
Q9UQ88	783
Q9UQB9	309
Q9UQC9	943
Q9UQD0	1980
Q9UQL6	1122
Q9UQM7	478
Q9URB4	359
Q9UUZ3	931
Q9UUZ4	747
Q9UVX3	492
Q9V396	270
Q9VFK6	691
Q9VKN7	329
Q9VNM1	485
Q9VPQ8	441
Q9VTU8	335
Q9VTV9	327
Q9VW75	600
Q9W3G6	795
Q9W6Q1	813
Q9WKE8	259
Q9WMX2	3010
Q9WTK5	899
Q9WTK7	436
Q9WTL7	231
Q9WTN3	1134
Q9WTN6	564
Q9WTQ0	707
Q9WTR4	597
Q9WTT6	454
Q9WTU3	1978
Q9WTU6	423
Q9WTV9	420
Q9WTW5	551
Q9WU25	466
Q9WUD2	761
Q9WUD9	536
Q9WUI1	364
Q9WUL0	767
Q9WUN2	729
Q9WUT3	733
Q9WV26	359
Q9WV60	420
Q9WV87	563
Q9WVC6	431
Q9WVE8	486
Q9WVF6	144
Q9WVG5	500
Q9WVG6	608
Q9WVK7	314
Q9WVM4	232
Q9WVR3	1257
Q9WYW0	246
Q9X034	406
Q9X1N5	291
Q9X6V3	646
Q9X6V7	386
Q9X6W0	774
Q9X721	1118
Q9X759	577
Q9X9I8	434
Q9XAY4	266
Q9XDB3	691
Q9XFS9	477
Q9XQA6	296
Q9XSB5	527
Q9XSD0	140
Q9XSJ7	1460
Q9XSW7	985
Q9XT54	150
Q9XTA2	710
Q9XUB2	468
Q9XYC7	449
Q9XZT6	250
Q9Y006	451
Q9Y0I0	463
Q9Y210	931
Q9Y227	616
Q9Y230	463
Q9Y231	359
Q9Y232	598
Q9Y233	779
Q9Y237	131
Q9Y239	953
Q9Y243	479
Q9Y251	543
Q9Y253	713
Q9Y256	329
Q9Y259	395
Q9Y263	795
Q9Y265	456
Q9Y271	337
Q9Y275	285
Q9Y286	467
Q9Y294	204
Q9Y2A9	372
Q9Y2C3	310
Q9Y2C9	796
Q9Y2D0	317
Q9Y2E5	1009
Q9Y2H1	464
Q9Y2H9	1570
Q9Y2I1	1504
Q9Y2I7	2098
Q9Y2J8	665
Q9Y2K2	1321
Q9Y2K6	914
Q9Y2K7	1162
Q9Y2P5	690
Q9Y2Q3	226
Q9Y2R2	807
Q9Y2T1	843
Q9Y2T3	454
Q9Y2T5	361
Q9Y2T6	319
Q9Y2U5	619
Q9Y303	409
Q9Y337	293
Q9Y345	797
Q9Y375	327
Q9Y376	341
Q9Y3D2	182
Q9Y3Q0	740
Q9Y3Q4	1203
Q9Y3R4	380
Q9Y3S1	2297
Q9Y463	629
Q9Y466	385
Q9Y468	840
Q9Y478	270
Q9Y496	699
Q9Y4C1	1321
Q9Y4D2	1042
Q9Y4K0	774
Q9Y4K3	522
Q9Y4K4	846
Q9Y4L1	999
Q9Y4P1	393
Q9Y4X1	527
Q9Y570	386
Q9Y572	518
Q9Y5C1	460
Q9Y5K2	254
Q9Y5K5	329
Q9Y5L3	495
Q9Y5N1	445
Q9Y5P4	624
Q9Y5R2	645
Q9Y5S1	764
Q9Y5S2	1711
Q9Y5S8	564
Q9Y5U5	241
Q9Y5X4	410
Q9Y5X5	522
Q9Y5X9	500
Q9Y5Y4	395
Q9Y5Y5	336
Q9Y5Y6	855
Q9Y5Y9	1956
Q9Y5Z0	518
Q9Y5Z6	326
Q9Y616	596
Q9Y618	2514
Q9Y694	548
Q9Y698	323
Q9Y6E0	443
Q9Y6E7	314
Q9Y6F1	533
Q9Y6F8	540
Q9Y6H5	919
Q9Y6I3	576
Q9Y6K1	912
Q9Y6K9	419
Q9Y6L6	691
Q9Y6M4	447
Q9Y6M7	1214
Q9Y6M9	179
Q9Y6N3	262
Q9Y6N6	1575
Q9Y6Q9	1424
Q9Y6R4	1608
Q9Y6W6	482
Q9Y6W8	199
Q9Y6Y9	160
Q9Y745	436
Q9Y865	443
Q9YQ12	99
Q9YQ30	99
Q9Z0E8	557
Q9Z0F8	827
Q9Z0J4	1429
Q9Z0J5	526
Q9Z0R9	444
Q9Z0U4	991
Q9Z0U5	1333
Q9Z0W0	550
Q9Z0Y2	146
Q9Z0Y9	445
Q9Z122	444
Q9Z139	937
Q9Z148	1263
Q9Z183	666
Q9Z1B7	366
Q9Z1E3	314
Q9Z1J7	539
Q9Z1K9	827
Q9Z1L0	1070
Q9Z1M0	595
Q9Z1Q2	558
Q9Z1T6	2097
Q9Z280	1074
Q9Z2A7	498
Q9Z2J6	382
Q9Z2R9	619
Q9Z2V5	1149
Q9Z2V6	1113
Q9Z2W8	902
Q9Z2W9	888
Q9Z2X8	624
Q9Z2Z8	471
Q9Z306	553
Q9Z351	759
Q9Z5X1	172
Q9ZB22	645
Q9ZFE4	265
Q9ZHC3	457
Q9ZHK8	468
Q9ZLT0	255
Q9ZQ91	312
Q9ZTP8	458
W5VNF7	381
W8T2T2	398
X5EH84	158
